Index,KernelName,gpu-id,queue-id,queue-index,pid,tid,grd,wgr,lds,scr,arch_vgpr,accum_vgpr,sgpr,wave_size,sig,obj,TCP_TOTAL_CACHE_ACCESSES_sum,TCP_TCC_READ_REQ_sum,TCP_TCC_WRITE_REQ_sum,TCC_REQ_sum,TCC_HIT_sum,TCC_MISS_sum,FETCH_SIZE,WRITE_SIZE,DispatchNs,BeginNs,EndNs,CompleteNs
0,"__amd_rocclr_copyBuffer.kd",4,0,0,496063,496063,512,512,0,0,16,0,32,64,0x155546dff480,0x155555363600,64.0000000000,16.0000000000,32.0000000000,83.0000000000,24.0000000000,59.0000000000,6.3750000000,2.0000000000,344863246178089,344863271426929,344863271430369,344863271483859
1,"__amd_rocclr_copyBuffer.kd",4,0,1,496063,496063,512,512,0,0,16,0,32,64,0x155546dff400,0x155555363600,64.0000000000,16.0000000000,32.0000000000,83.0000000000,24.0000000000,59.0000000000,6.3750000000,2.0000000000,344863271497459,344863271787049,344863271790049,344863272095722
2,"__amd_rocclr_copyBuffer.kd",4,0,2,496063,496063,512,512,0,0,16,0,32,64,0x155546dff380,0x155555363600,64.0000000000,16.0000000000,32.0000000000,83.0000000000,24.0000000000,59.0000000000,6.3750000000,2.0000000000,344863272105252,344863272686001,344863272688841,344863272688894
3,"__amd_rocclr_copyBuffer.kd",4,0,3,496063,496063,512,512,0,0,16,0,32,64,0x155546dff300,0x155555363600,64.0000000000,16.0000000000,32.0000000000,83.0000000000,24.0000000000,59.0000000000,6.3750000000,2.0000000000,344863272696344,344863272968362,344863272970722,344863273066906
4,"mvt_kernel(double const*, double const*, double const*, double*, double*, double, double, unsigned int) [clone .kd]",4,0,4,496063,496063,256,128,0,0,24,0,32,64,0x0,0x155555358a00,49408.0000000000,37011.0000000000,64.0000000000,37212.0000000000,30940.0000000000,6272.0000000000,794.2500000000,4.0000000000,344863274523223,344863274816837,344863274898917,344863274900665
5,"__amd_rocclr_copyBuffer.kd",4,0,6,496063,496063,512,512,0,0,16,0,32,64,0x155546dff200,0x155555363600,64.0000000000,16.0000000000,32.0000000000,83.0000000000,24.0000000000,59.0000000000,6.3750000000,2.0000000000,344863275018475,344863275573219,344863275575939,344863275576208
6,"__amd_rocclr_copyBuffer.kd",4,0,7,496063,496063,512,512,0,0,16,0,32,64,0x155546dff180,0x155555363600,64.0000000000,16.0000000000,32.0000000000,83.0000000000,24.0000000000,59.0000000000,6.3750000000,2.0000000000,344863275582558,344863275858299,344863275860499,344863275947160
7,"mvt_kernel(double const*, double const*, double const*, double*, double*, double, double, unsigned int) [clone .kd]",4,0,8,496063,496063,256,128,0,0,24,0,32,64,0x0,0x155555358a00,49408.0000000000,36970.0000000000,64.0000000000,37216.0000000000,30940.0000000000,6276.0000000000,794.7500000000,4.0000000000,344863275994740,344863276521411,344863276585691,344863276586613
8,"mvt_kernel(double const*, double const*, double const*, double*, double*, double, double, unsigned int) [clone .kd]",4,0,9,496063,496063,256,128,0,0,24,0,32,64,0x0,0x155555358a00,49408.0000000000,37018.0000000000,64.0000000000,37306.0000000000,31020.0000000000,6286.0000000000,796.7500000000,4.0000000000,344863276511152,344863276795812,344863276861092,344863276984295
9,"mvt_kernel(double const*, double const*, double const*, double*, double*, double, double, unsigned int) [clone .kd]",4,0,10,496063,496063,256,128,0,0,24,0,32,64,0x0,0x155555358a00,49408.0000000000,36970.0000000000,64.0000000000,37216.0000000000,30940.0000000000,6276.0000000000,794.7500000000,4.0000000000,344863276786124,344863277438693,344863277503453,344863277503107
10,"mvt_kernel(double const*, double const*, double const*, double*, double*, double, double, unsigned int) [clone .kd]",4,0,11,496063,496063,256,128,0,0,24,0,32,64,0x0,0x155555358a00,49408.0000000000,36995.0000000000,64.0000000000,37319.0000000000,31025.0000000000,6294.0000000000,796.7500000000,4.0000000000,344863277428797,344863277695534,344863277764174,344863277862509
11,"mvt_kernel(double const*, double const*, double const*, double*, double*, double, double, unsigned int) [clone .kd]",4,0,12,496063,496063,256,128,0,0,24,0,32,64,0x0,0x155555358a00,49408.0000000000,37052.0000000000,64.0000000000,37216.0000000000,30940.0000000000,6276.0000000000,794.7500000000,4.0000000000,344863277691558,344863278430996,344863278495716,344863278496932
12,"mvt_kernel(double const*, double const*, double const*, double*, double*, double, double, unsigned int) [clone .kd]",4,0,15,496063,496063,256,128,0,0,24,0,32,64,0x0,0x155555358a00,49408.0000000000,37011.0000000000,64.0000000000,37216.0000000000,30940.0000000000,6276.0000000000,794.7500000000,4.0000000000,344863278627632,344863279221198,344863279285678,344863279286365
13,"mvt_kernel(double const*, double const*, double const*, double*, double*, double, double, unsigned int) [clone .kd]",4,0,16,496063,496063,256,128,0,0,24,0,32,64,0x0,0x155555358a00,49408.0000000000,37040.0000000000,64.0000000000,37309.0000000000,31025.0000000000,6284.0000000000,797.0000000000,4.0000000000,344863279211485,344863279547038,344863279612479,344863279681437
14,"mvt_kernel(double const*, double const*, double const*, double*, double*, double, double, unsigned int) [clone .kd]",4,0,17,496063,496063,256,128,0,0,24,0,32,64,0x0,0x155555358a00,49408.0000000000,37011.0000000000,64.0000000000,37216.0000000000,30940.0000000000,6276.0000000000,794.7500000000,4.0000000000,344863279536407,344863280278040,344863280342720,344863280342770
15,"mvt_kernel(double const*, double const*, double const*, double*, double*, double, double, unsigned int) [clone .kd]",4,0,18,496063,496063,256,128,0,0,24,0,32,64,0x0,0x155555358a00,49408.0000000000,36970.0000000000,64.0000000000,37365.0000000000,31081.0000000000,6284.0000000000,795.5000000000,4.0000000000,344863280267710,344863280608721,344863280674081,344863280719752
16,"mvt_kernel(double const*, double const*, double const*, double*, double*, double, double, unsigned int) [clone .kd]",4,0,21,496063,496063,256,128,0,0,24,0,32,64,0x0,0x155555358a00,49408.0000000000,36970.0000000000,64.0000000000,37257.0000000000,30981.0000000000,6276.0000000000,794.7500000000,4.0000000000,344863280789142,344863281302503,344863281367063,344863281367455
17,"mvt_kernel(double const*, double const*, double const*, double*, double*, double, double, unsigned int) [clone .kd]",4,0,22,496063,496063,256,128,0,0,24,0,32,64,0x0,0x155555358a00,49408.0000000000,36982.0000000000,64.0000000000,37286.0000000000,31000.0000000000,6286.0000000000,796.0000000000,4.0000000000,344863281289995,344863281639223,344863281703504,344863281788547
18,"mvt_kernel(double const*, double const*, double const*, double*, double*, double, double, unsigned int) [clone .kd]",4,0,23,496063,496063,256,128,0,0,24,0,32,64,0x0,0x155555358a00,49408.0000000000,36970.0000000000,64.0000000000,37257.0000000000,30981.0000000000,6276.0000000000,794.7500000000,4.0000000000,344863281628666,344863282311345,344863282376425,344863282376040
19,"mvt_kernel(double const*, double const*, double const*, double*, double*, double, double, unsigned int) [clone .kd]",4,0,24,496063,496063,256,128,0,0,24,0,32,64,0x0,0x155555358a00,49408.0000000000,37033.0000000000,64.0000000000,37275.0000000000,30989.0000000000,6286.0000000000,796.2500000000,4.0000000000,344863282302620,344863282624866,344863282689466,344863282775752
20,"mvt_kernel(double const*, double const*, double const*, double*, double*, double, double, unsigned int) [clone .kd]",4,0,27,496063,496063,256,128,0,0,24,0,32,64,0x0,0x155555358a00,49408.0000000000,36970.0000000000,64.0000000000,37216.0000000000,30940.0000000000,6276.0000000000,794.7500000000,4.0000000000,344863282800482,344863283424738,344863283489458,344863283490515
21,"mvt_kernel(double const*, double const*, double const*, double*, double*, double, double, unsigned int) [clone .kd]",4,0,28,496063,496063,256,128,0,0,24,0,32,64,0x0,0x155555358a00,49408.0000000000,36976.0000000000,64.0000000000,37280.0000000000,30996.0000000000,6284.0000000000,797.2500000000,4.0000000000,344863283412325,344863283758739,344863283823339,344863283878447
22,"mvt_kernel(double const*, double const*, double const*, double*, double*, double, double, unsigned int) [clone .kd]",4,0,29,496063,496063,256,128,0,0,24,0,32,64,0x0,0x155555358a00,49408.0000000000,37011.0000000000,64.0000000000,37216.0000000000,30940.0000000000,6276.0000000000,794.7500000000,4.0000000000,344863283748276,344863284443780,344863284508981,344863284508840
23,"mvt_kernel(double const*, double const*, double const*, double*, double*, double, double, unsigned int) [clone .kd]",4,0,30,496063,496063,256,128,0,0,24,0,32,64,0x0,0x155555358a00,49408.0000000000,37012.0000000000,64.0000000000,37283.0000000000,30997.0000000000,6286.0000000000,795.7500000000,4.0000000000,344863284433960,344863284734581,344863284799261,344863284878932
24,"mvt_kernel(double const*, double const*, double const*, double*, double*, double, double, unsigned int) [clone .kd]",4,0,33,496063,496063,256,128,0,0,24,0,32,64,0x0,0x155555358a00,49408.0000000000,37011.0000000000,64.0000000000,37216.0000000000,30940.0000000000,6276.0000000000,794.7500000000,4.0000000000,344863284912762,344863285438343,344863285503663,344863285505545
25,"mvt_kernel(double const*, double const*, double const*, double*, double*, double, double, unsigned int) [clone .kd]",4,0,34,496063,496063,256,128,0,0,24,0,32,64,0x0,0x155555358a00,49408.0000000000,36982.0000000000,64.0000000000,37274.0000000000,30990.0000000000,6284.0000000000,795.5000000000,4.0000000000,344863285428425,344863285680903,344863285747744,344863285859737
26,"mvt_kernel(double const*, double const*, double const*, double*, double*, double, double, unsigned int) [clone .kd]",4,0,35,496063,496063,256,128,0,0,24,0,32,64,0x0,0x155555358a00,49408.0000000000,37011.0000000000,64.0000000000,37216.0000000000,30940.0000000000,6276.0000000000,794.7500000000,4.0000000000,344863285672836,344863286370105,344863286434865,344863286436599
27,"mvt_kernel(double const*, double const*, double const*, double*, double*, double, double, unsigned int) [clone .kd]",4,0,36,496063,496063,256,128,0,0,24,0,32,64,0x0,0x155555358a00,49408.0000000000,37088.0000000000,64.0000000000,37278.0000000000,30978.0000000000,6300.0000000000,797.5000000000,4.0000000000,344863286361339,344863286647466,344863286712306,344863286801021
28,"mvt_kernel(double const*, double const*, double const*, double*, double*, double, double, unsigned int) [clone .kd]",4,0,39,496063,496063,256,128,0,0,24,0,32,64,0x0,0x155555358a00,49408.0000000000,36970.0000000000,64.0000000000,37216.0000000000,30940.0000000000,6276.0000000000,794.7500000000,4.0000000000,344863286826051,344863287360308,344863287424028,344863287424294
29,"mvt_kernel(double const*, double const*, double const*, double*, double*, double, double, unsigned int) [clone .kd]",4,0,40,496063,496063,256,128,0,0,24,0,32,64,0x0,0x155555358a00,49408.0000000000,37004.0000000000,64.0000000000,37277.0000000000,30985.0000000000,6292.0000000000,795.7500000000,4.0000000000,344863287348394,344863287623148,344863287690468,344863287810976
30,"mvt_kernel(double const*, double const*, double const*, double*, double*, double, double, unsigned int) [clone .kd]",4,0,41,496063,496063,256,128,0,0,24,0,32,64,0x0,0x155555358a00,49408.0000000000,36970.0000000000,64.0000000000,37216.0000000000,30940.0000000000,6276.0000000000,794.7500000000,4.0000000000,344863287616245,344863288250670,344863288316030,344863288317368
31,"mvt_kernel(double const*, double const*, double const*, double*, double*, double, double, unsigned int) [clone .kd]",4,0,42,496063,496063,256,128,0,0,24,0,32,64,0x0,0x155555358a00,49408.0000000000,36982.0000000000,64.0000000000,37310.0000000000,31028.0000000000,6282.0000000000,795.7500000000,4.0000000000,344863288241528,344863288493350,344863288561631,344863288693460
