Index,KernelName,gpu-id,queue-id,queue-index,pid,tid,grd,wgr,lds,scr,arch_vgpr,accum_vgpr,sgpr,wave_size,sig,obj,TCP_TOTAL_CACHE_ACCESSES_sum,TCP_TCC_READ_REQ_sum,TCP_TCC_WRITE_REQ_sum,TCC_REQ_sum,TCC_HIT_sum,TCC_MISS_sum,TCP_TOTAL_READ_sum,TCC_READ_sum,FETCH_SIZE,WRITE_SIZE,DispatchNs,BeginNs,EndNs,CompleteNs
0,"softmax_bias_kernel.kd",4,0,2,1430087,1430087,262144,256,512,0,8,0,32,64,0x0,0x1553aa0b45c0,49152.0000000000,16384.0000000000,16384.0000000000,35316.0000000000,10646.0000000000,24670.0000000000,131072.0000000000,18932.0000000000,2067.2500000000,1024.0000000000,707883436547933,707883601659034,707883601662314,707883601685884
16,"softmax_bias_kernel.kd",4,0,20,1430087,1430087,262144,256,512,0,8,0,32,64,0x0,0x1553a95905c0,49152.0000000000,16384.0000000000,16384.0000000000,35323.0000000000,10646.0000000000,24677.0000000000,131072.0000000000,18928.0000000000,2066.8750000000,1024.0000000000,707883801550640,707883801913748,707883801916428,707883801921493
32,"softmax_bias_kernel.kd",4,0,39,1430087,1430087,262144,256,512,0,8,0,32,64,0x0,0x1553a95885c0,294912.0000000000,270336.0000000000,16384.0000000000,289296.0000000000,223638.0000000000,65658.0000000000,327680.0000000000,272885.0000000000,7189.6250000000,1024.0000000000,707884546779600,707884547279604,707884547284364,707884547307005
48,"softmax_bias_kernel.kd",4,0,57,1430087,1430087,262144,256,512,0,8,0,32,64,0x0,0x1553a95885c0,294912.0000000000,270336.0000000000,16384.0000000000,289252.0000000000,225174.0000000000,64078.0000000000,327680.0000000000,272868.0000000000,7185.2500000000,1024.0000000000,707884566965975,707884567430168,707884567433768,707884567441129
49,"softmax_bias_kernel.kd",4,0,58,1430087,1430087,262144,256,512,0,8,0,32,64,0x0,0x1553a95885c0,294912.0000000000,270336.0000000000,16384.0000000000,289297.0000000000,223638.0000000000,65659.0000000000,327680.0000000000,272884.0000000000,7190.0000000000,1024.0000000000,707884567463259,707884568121733,707884568125693,707884568125975
50,"softmax_bias_kernel.kd",4,0,59,1430087,1430087,262144,256,512,0,8,0,32,64,0x0,0x1553a95885c0,294912.0000000000,270336.0000000000,16384.0000000000,289302.0000000000,223638.0000000000,65664.0000000000,327680.0000000000,272885.0000000000,7190.3750000000,1024.0000000000,707884568156505,707884568759639,707884568763479,707884568762030
51,"softmax_bias_kernel.kd",4,0,60,1430087,1430087,262144,256,512,0,8,0,32,64,0x0,0x1553a95885c0,294912.0000000000,270336.0000000000,16384.0000000000,289300.0000000000,223638.0000000000,65662.0000000000,327680.0000000000,272884.0000000000,7190.0000000000,1024.0000000000,707884568789640,707884569190282,707884569194042,707884569348665
52,"softmax_bias_kernel.kd",4,0,61,1430087,1430087,262144,256,512,0,8,0,32,64,0x0,0x1553a95885c0,294912.0000000000,270336.0000000000,16384.0000000000,289304.0000000000,223638.0000000000,65666.0000000000,327680.0000000000,272884.0000000000,7189.7500000000,1024.0000000000,707884569220504,707884569931988,707884569935788,707884569934130
53,"softmax_bias_kernel.kd",4,0,63,1430087,1430087,262144,256,512,0,8,0,32,64,0x0,0x1553a95885c0,294912.0000000000,270336.0000000000,16384.0000000000,289302.0000000000,223638.0000000000,65664.0000000000,327680.0000000000,272884.0000000000,7189.7500000000,1024.0000000000,707884570083081,707884570843956,707884570847996,707884570855647
54,"softmax_bias_kernel.kd",4,0,64,1430087,1430087,262144,256,512,0,8,0,32,64,0x0,0x1553a95885c0,294912.0000000000,270336.0000000000,16384.0000000000,289298.0000000000,223638.0000000000,65660.0000000000,327680.0000000000,272884.0000000000,7190.1250000000,1024.0000000000,707884570872048,707884571268839,707884571272639,707884571366132
55,"softmax_bias_kernel.kd",4,0,65,1430087,1430087,262144,256,512,0,8,0,32,64,0x0,0x1553a95885c0,294912.0000000000,270336.0000000000,16384.0000000000,289300.0000000000,223638.0000000000,65662.0000000000,327680.0000000000,272884.0000000000,7190.3750000000,1024.0000000000,707884571291151,707884572068686,707884572072406,707884572077437
56,"softmax_bias_kernel.kd",4,0,66,1430087,1430087,262144,256,512,0,8,0,32,64,0x0,0x1553a95885c0,294912.0000000000,270336.0000000000,16384.0000000000,289301.0000000000,223638.0000000000,65663.0000000000,327680.0000000000,272884.0000000000,7190.2500000000,1024.0000000000,707884572097148,707884572478369,707884572482289,707884572629372
57,"softmax_bias_kernel.kd",4,0,67,1430087,1430087,262144,256,512,0,8,0,32,64,0x0,0x1553a95885c0,294912.0000000000,270336.0000000000,16384.0000000000,289297.0000000000,223638.0000000000,65659.0000000000,327680.0000000000,272884.0000000000,7190.1250000000,1024.0000000000,707884572505481,707884573273795,707884573277795,707884573279677
58,"softmax_bias_kernel.kd",4,0,68,1430087,1430087,262144,256,512,0,8,0,32,64,0x0,0x1553a95885c0,294912.0000000000,270336.0000000000,16384.0000000000,289297.0000000000,223638.0000000000,65659.0000000000,327680.0000000000,272884.0000000000,7190.0000000000,1024.0000000000,707884573301677,707884573705519,707884573709519,707884573812682
59,"softmax_bias_kernel.kd",4,0,69,1430087,1430087,262144,256,512,0,8,0,32,64,0x0,0x1553a95885c0,294912.0000000000,270336.0000000000,16384.0000000000,289296.0000000000,223638.0000000000,65658.0000000000,327680.0000000000,272884.0000000000,7190.1250000000,1024.0000000000,707884573734721,707884574471775,707884574475735,707884574474307
60,"softmax_bias_kernel.kd",4,0,70,1430087,1430087,262144,256,512,0,8,0,32,64,0x0,0x1553a95885c0,294912.0000000000,270336.0000000000,16384.0000000000,289300.0000000000,223638.0000000000,65662.0000000000,327680.0000000000,272884.0000000000,7190.0000000000,1024.0000000000,707884574499797,707884575197341,707884575201301,707884575208873
61,"softmax_bias_kernel.kd",4,0,71,1430087,1430087,262144,256,512,0,8,0,32,64,0x0,0x1553a95885c0,294912.0000000000,270336.0000000000,16384.0000000000,289299.0000000000,223638.0000000000,65661.0000000000,327680.0000000000,272884.0000000000,7189.5000000000,1024.0000000000,707884575225003,707884575929667,707884575933587,707884575940819
62,"softmax_bias_kernel.kd",4,0,72,1430087,1430087,262144,256,512,0,8,0,32,64,0x0,0x1553a95885c0,294912.0000000000,270336.0000000000,16384.0000000000,289300.0000000000,223638.0000000000,65662.0000000000,327680.0000000000,272885.0000000000,7189.8750000000,1024.0000000000,707884575956279,707884576697513,707884576701433,707884576702975
63,"softmax_bias_kernel.kd",4,0,73,1430087,1430087,262144,256,512,0,8,0,32,64,0x0,0x1553a95885c0,294912.0000000000,270336.0000000000,16384.0000000000,289300.0000000000,223638.0000000000,65662.0000000000,327680.0000000000,272884.0000000000,7190.0000000000,1024.0000000000,707884576726805,707884577491240,707884577495200,707884577497252
64,"softmax_bias_kernel.kd",4,0,74,1430087,1430087,262144,256,512,0,8,0,32,64,0x0,0x1553a95885c0,294912.0000000000,270336.0000000000,16384.0000000000,289298.0000000000,223638.0000000000,65660.0000000000,327680.0000000000,272884.0000000000,7190.2500000000,1024.0000000000,707884577519192,707884578265546,707884578269506,707884578272738
65,"softmax_bias_kernel.kd",4,0,75,1430087,1430087,262144,256,512,0,8,0,32,64,0x0,0x1553a95885c0,294912.0000000000,270336.0000000000,16384.0000000000,289301.0000000000,223638.0000000000,65663.0000000000,327680.0000000000,272884.0000000000,7190.0000000000,1024.0000000000,707884578294618,707884578913671,707884578917631,707884578923623
66,"softmax_bias_kernel.kd",4,0,76,1430087,1430087,262144,256,512,0,8,0,32,64,0x0,0x1553a95885c0,294912.0000000000,270336.0000000000,16384.0000000000,289298.0000000000,223638.0000000000,65660.0000000000,327680.0000000000,272884.0000000000,7189.7500000000,1024.0000000000,707884578943973,707884579712478,707884579716358,707884579719990
67,"softmax_bias_kernel.kd",4,0,77,1430087,1430087,262144,256,512,0,8,0,32,64,0x0,0x1553a95885c0,294912.0000000000,270336.0000000000,16384.0000000000,289299.0000000000,223638.0000000000,65661.0000000000,327680.0000000000,272884.0000000000,7190.2500000000,1024.0000000000,707884579741110,707884580482854,707884580486854,707884580493146
68,"softmax_bias_kernel.kd",4,0,78,1430087,1430087,262144,256,512,0,8,0,32,64,0x0,0x1553a95885c0,294912.0000000000,270336.0000000000,16384.0000000000,289305.0000000000,223638.0000000000,65667.0000000000,327680.0000000000,272884.0000000000,7190.0000000000,1024.0000000000,707884580510156,707884581228260,707884581231820,707884581238462
69,"softmax_bias_kernel.kd",4,0,79,1430087,1430087,262144,256,512,0,8,0,32,64,0x0,0x1553a95885c0,294912.0000000000,270336.0000000000,16384.0000000000,289300.0000000000,223638.0000000000,65662.0000000000,327680.0000000000,272884.0000000000,7190.2500000000,1024.0000000000,707884581256232,707884581886186,707884581889986,707884581891648
70,"softmax_bias_kernel.kd",4,0,80,1430087,1430087,262144,256,512,0,8,0,32,64,0x0,0x1553a95885c0,294912.0000000000,270336.0000000000,16384.0000000000,289299.0000000000,223638.0000000000,65661.0000000000,327680.0000000000,272885.0000000000,7190.2500000000,1024.0000000000,707884581916028,707884582332389,707884582336269,707884582451362
71,"softmax_bias_kernel.kd",4,0,81,1430087,1430087,262144,256,512,0,8,0,32,64,0x0,0x1553a95885c0,294912.0000000000,270336.0000000000,16384.0000000000,289300.0000000000,223638.0000000000,65662.0000000000,327680.0000000000,272884.0000000000,7190.1250000000,1024.0000000000,707884582361172,707884583062285,707884583066085,707884583067407
72,"softmax_bias_kernel.kd",4,0,82,1430087,1430087,262144,256,512,0,8,0,32,64,0x0,0x1553a95885c0,294912.0000000000,270336.0000000000,16384.0000000000,289299.0000000000,223638.0000000000,65661.0000000000,327680.0000000000,272885.0000000000,7190.0000000000,1024.0000000000,707884583089228,707884583775931,707884583779731,707884583781253
