case,candidate_id,mapping_id,sample_index,grammar,inner_tile_shape,inner_word,inner_a_rows,a_rows,quotient_score,address_expression_runs,xor_count,completed_profile_launches,complete,l1_cache_line_accesses,l1_cache_line_accesses_min,l1_cache_line_accesses_max,first_level_read_events,first_level_read_events_min,first_level_read_events_max,l1_to_l2_read_requests,l1_to_l2_read_requests_min,l1_to_l2_read_requests_max,l1_to_l2_write_requests,l1_to_l2_write_requests_min,l1_to_l2_write_requests_max,l1_to_l2_total_requests,l1_to_l2_total_requests_min,l1_to_l2_total_requests_max,l2_tag_requests,l2_tag_requests_min,l2_tag_requests_max,second_level_read_requests,second_level_read_requests_min,second_level_read_requests_max,l2_hits,l2_hits_min,l2_hits_max,l2_misses,l2_misses_min,l2_misses_max,hbm_read_bytes,hbm_read_bytes_min,hbm_read_bytes_max,hbm_write_bytes,hbm_write_bytes_min,hbm_write_bytes_max,hbm_total_bytes,hbm_total_bytes_min,hbm_total_bytes_max,duration_ns,duration_ns_min,duration_ns_max,hbm_bandwidth_gbps,hbm_bandwidth_gbps_min,hbm_bandwidth_gbps_max,l2_hit_rate_percent,l2_hit_rate_percent_min,l2_hit_rate_percent_max
gesummv,random_layout_candidate_29483160a733,mapping_be7fc7e9c054,1,linear_inner,"[64, 64]",linear,"[2465, 3695, 601, 1270, 404, 2989, 302, 3681, 3483, 2801, 1352, 1933]","[38945, 58415, 9241, 19510, 6164, 47149, 4142, 58401, 55323, 44081, 21512, 30733, 65536, 131072, 262144, 524288, 64, 128, 256, 512]",1048576.0,14,63,1,True,2097216.0,2097216.0,2097216.0,2097152.0,2097152.0,2097152.0,1342360.0,1342360.0,1342360.0,64.0,64.0,64.0,1342424.0,1342424.0,1342424.0,1344061.5,1344061.5,1344061.5,1344026.0,1344026.0,1344026.0,1278101.5,1278101.5,1278101.5,65960.5,65960.5,65960.5,8475904.0,8475904.0,8475904.0,4096.0,4096.0,4096.0,8480000.0,8480000.0,8480000.0,730408.0,730408.0,730408.0,11.609599889085437,11.609599889085437,11.609599889085437,95.0924914931081,95.0924914931081,95.0924914931081
gesummv,random_layout_candidate_eb4cb5d2c7ee,mapping_0a303208fda4,2,linear_inner,"[64, 16]",linear,"[488, 453, 886, 533, 266, 63, 824, 940, 561, 937]","[7208, 7173, 13366, 8213, 4106, 63, 12344, 14380, 8241, 14377, 16384, 32768, 65536, 131072, 262144, 524288, 64, 128, 256, 512]",1048576.0,12,41,1,True,2097216.0,2097216.0,2097216.0,2097152.0,2097152.0,2097152.0,1204944.0,1204944.0,1204944.0,64.0,64.0,64.0,1205008.0,1205008.0,1205008.0,1206705.0,1206705.0,1206705.0,1206634.0,1206634.0,1206634.0,1140743.0,1140743.0,1140743.0,65961.0,65961.0,65961.0,8476672.0,8476672.0,8476672.0,4096.0,4096.0,4096.0,8480768.0,8480768.0,8480768.0,666166.0,666166.0,666166.0,12.731508433855993,12.731508433855993,12.731508433855993,94.53370530231422,94.53370530231422,94.53370530231422
gesummv,random_layout_candidate_181251aac05f,mapping_9eda944da0b2,3,linear_inner,"[64, 1]",linear,"[21, 52, 59, 34, 13, 61]","[21, 52, 59, 34, 13, 61, 1024, 2048, 4096, 8192, 16384, 32768, 65536, 131072, 262144, 524288, 64, 128, 256, 512]",65536.0,8,15,1,True,1572928.0,1572928.0,1572928.0,2097152.0,2097152.0,2097152.0,574464.0,574464.0,574464.0,64.0,64.0,64.0,574528.0,574528.0,574528.0,576068.0,576068.0,576068.0,576027.5,576027.5,576027.5,510120.5,510120.5,510120.5,65949.5,65949.5,65949.5,8474496.0,8474496.0,8474496.0,4096.0,4096.0,4096.0,8478592.0,8478592.0,8478592.0,546026.0,546026.0,546026.0,15.528286202486052,15.528286202486052,15.528286202486052,88.55086585360755,88.55086585360755,88.55086585360755
gesummv,random_layout_candidate_147c04e6afe2,mapping_6c99628efad5,4,linear_inner,"[64, 64]",linear,"[2470, 2241, 2406, 1178, 1822, 375, 2442, 3268, 1576, 1298, 2357, 991]","[38950, 35841, 37926, 18458, 28702, 5175, 38922, 52228, 24616, 20498, 36917, 15391, 65536, 131072, 262144, 524288, 64, 128, 256, 512]",1048576.0,14,56,1,True,2097216.0,2097216.0,2097216.0,2097152.0,2097152.0,2097152.0,1342296.0,1342296.0,1342296.0,64.0,64.0,64.0,1342360.0,1342360.0,1342360.0,1343964.5,1343964.5,1343964.5,1343974.0,1343974.0,1343974.0,1278004.0,1278004.0,1278004.0,65962.0,65962.0,65962.0,8475776.0,8475776.0,8475776.0,4096.0,4096.0,4096.0,8479872.0,8479872.0,8479872.0,730587.0,730587.0,730587.0,11.608331480425578,11.608331480425578,11.608331480425578,95.09210236038274,95.09210236038274,95.09210236038274
gesummv,random_layout_candidate_04ce9ea64334,mapping_c952bfd03ae0,5,linear_inner,"[64, 4]",linear,"[48, 62, 4, 187, 69, 29, 180, 56]","[48, 62, 4, 2107, 1029, 29, 2100, 56, 4096, 8192, 16384, 32768, 65536, 131072, 262144, 524288, 64, 128, 256, 512]",262144.0,10,20,1,True,2097216.0,2097216.0,2097216.0,2097152.0,2097152.0,2097152.0,1106070.0,1106070.0,1106070.0,64.0,64.0,64.0,1106134.0,1106134.0,1106134.0,1107771.0,1107771.0,1107771.0,1107710.5,1107710.5,1107710.5,1041814.5,1041814.5,1041814.5,65957.0,65957.0,65957.0,8475328.0,8475328.0,8475328.0,4096.0,4096.0,4096.0,8479424.0,8479424.0,8479424.0,557505.0,557505.0,557505.0,15.210396330654081,15.210396330654081,15.210396330654081,94.04596622030351,94.04596622030351,94.04596622030351
gesummv,random_layout_candidate_412905dd3887,mapping_cb795c9acd51,6,linear_inner,"[64, 4]",linear,"[203, 43, 85, 109, 208, 15, 25, 200]","[3083, 43, 1045, 1069, 3088, 15, 25, 3080, 4096, 8192, 16384, 32768, 65536, 131072, 262144, 524288, 64, 128, 256, 512]",262144.0,10,23,1,True,2097216.0,2097216.0,2097216.0,2097152.0,2097152.0,2097152.0,1106064.0,1106064.0,1106064.0,64.0,64.0,64.0,1106128.0,1106128.0,1106128.0,1107789.0,1107789.0,1107789.0,1107723.5,1107723.5,1107723.5,1041823.5,1041823.5,1041823.5,65963.0,65963.0,65963.0,8475200.0,8475200.0,8475200.0,4096.0,4096.0,4096.0,8479296.0,8479296.0,8479296.0,593546.5,593546.5,593546.5,14.285279547069411,14.285279547069411,14.285279547069411,94.04550197860046,94.04550197860046,94.04550197860046
gesummv,random_layout_candidate_a8b3bd5a9637,mapping_35368f6ca4d2,7,linear_inner,"[64, 2]",linear,"[77, 2, 24, 123, 124, 23, 91]","[1037, 2, 24, 1083, 1084, 23, 1051, 2048, 4096, 8192, 16384, 32768, 65536, 131072, 262144, 524288, 64, 128, 256, 512]",131072.0,9,20,1,True,2097216.0,2097216.0,2097216.0,2097152.0,2097152.0,2097152.0,1089588.5,1089588.5,1089588.5,64.0,64.0,64.0,1089652.5,1089652.5,1089652.5,1091295.0,1091295.0,1091295.0,1091247.5,1091247.5,1091247.5,1025337.5,1025337.5,1025337.5,65956.0,65956.0,65956.0,8474368.0,8474368.0,8474368.0,4096.0,4096.0,4096.0,8478464.0,8478464.0,8478464.0,606363.0,606363.0,606363.0,13.983044383265376,13.983044383265376,13.983044383265376,93.95615749199456,93.95615749199456,93.95615749199456
gesummv,random_layout_candidate_a3f7e1c64f3f,mapping_971c2af36e2d,8,linear_inner,"[64, 1]",linear,"[43, 1, 34, 27, 39, 6]","[43, 1, 34, 27, 39, 6, 1024, 2048, 4096, 8192, 16384, 32768, 65536, 131072, 262144, 524288, 64, 128, 256, 512]",65536.0,8,11,1,True,1572928.0,1572928.0,1572928.0,2097152.0,2097152.0,2097152.0,574464.0,574464.0,574464.0,64.0,64.0,64.0,574528.0,574528.0,574528.0,576087.0,576087.0,576087.0,576005.5,576005.5,576005.5,510122.5,510122.5,510122.5,65962.0,65962.0,65962.0,8473088.0,8473088.0,8473088.0,4096.0,4096.0,4096.0,8477184.0,8477184.0,8477184.0,549626.0,549626.0,549626.0,15.42320072554839,15.42320072554839,15.42320072554839,88.54955935475024,88.54955935475024,88.54955935475024
gesummv,random_layout_candidate_2fc8b9ca189f,mapping_c3ca68b48bd4,9,linear_inner,"[64, 64]",linear,"[161, 2443, 413, 2864, 4047, 1602, 816, 1065, 1468, 3704, 2996, 1926]","[2081, 38923, 6173, 45104, 64527, 25602, 12336, 16425, 22588, 58424, 47156, 30726, 65536, 131072, 262144, 524288, 64, 128, 256, 512]",1048576.0,14,57,1,True,2097216.0,2097216.0,2097216.0,2097152.0,2097152.0,2097152.0,1212792.0,1212792.0,1212792.0,64.0,64.0,64.0,1212856.0,1212856.0,1212856.0,1214523.0,1214523.0,1214523.0,1214439.5,1214439.5,1214439.5,1148550.5,1148550.5,1148550.5,65973.0,65973.0,65973.0,8476416.0,8476416.0,8476416.0,4096.0,4096.0,4096.0,8480512.0,8480512.0,8480512.0,722743.0,722743.0,722743.0,11.73431805385777,11.73431805385777,11.73431805385777,94.56814702171224,94.56814702171224,94.56814702171224
gesummv,random_layout_candidate_3c034e9bf5cb,mapping_9928348c241a,10,linear_inner,"[64, 64]",linear,"[54, 1931, 2790, 1678, 3686, 2331, 3583, 2083, 3758, 1275, 2658, 1462]","[54, 30731, 44070, 26638, 58406, 36891, 56383, 32803, 59438, 19515, 42018, 22582, 65536, 131072, 262144, 524288, 64, 128, 256, 512]",1048576.0,14,68,1,True,2097216.0,2097216.0,2097216.0,2097152.0,2097152.0,2097152.0,1342368.0,1342368.0,1342368.0,64.0,64.0,64.0,1342432.0,1342432.0,1342432.0,1344082.5,1344082.5,1344082.5,1344043.5,1344043.5,1344043.5,1278134.5,1278134.5,1278134.5,65960.0,65960.0,65960.0,8477312.0,8477312.0,8477312.0,4096.0,4096.0,4096.0,8481408.0,8481408.0,8481408.0,706667.0,706667.0,706667.0,12.001352826347652,12.001352826347652,12.001352826347652,95.09273360531475,95.09273360531475,95.09273360531475
gesummv,random_layout_candidate_6bd718ebbb67,mapping_89f6ddfe3489,11,linear_inner,"[64, 8]",linear,"[428, 336, 128, 78, 287, 353, 6, 234, 379]","[6188, 5136, 2048, 1038, 4127, 5153, 6, 3114, 5179, 8192, 16384, 32768, 65536, 131072, 262144, 524288, 64, 128, 256, 512]",524288.0,11,28,1,True,2097216.0,2097216.0,2097216.0,2097152.0,2097152.0,2097152.0,1139036.0,1139036.0,1139036.0,64.0,64.0,64.0,1139100.0,1139100.0,1139100.0,1140779.5,1140779.5,1140779.5,1140697.0,1140697.0,1140697.0,1074799.0,1074799.0,1074799.0,65974.5,65974.5,65974.5,8476032.0,8476032.0,8476032.0,4096.0,4096.0,4096.0,8480128.0,8480128.0,8480128.0,641946.5,641946.5,641946.5,13.210023152532942,13.210023152532942,13.210023152532942,94.21663828704112,94.21663828704112,94.21663828704112
gesummv,random_layout_candidate_29f69e9bb48e,mapping_6311f647300f,12,linear_inner,"[64, 1]",linear,"[21, 47, 2, 34, 17, 8]","[21, 47, 2, 34, 17, 8, 1024, 2048, 4096, 8192, 16384, 32768, 65536, 131072, 262144, 524288, 64, 128, 256, 512]",65536.0,8,8,1,True,1572928.0,1572928.0,1572928.0,2097152.0,2097152.0,2097152.0,574368.0,574368.0,574368.0,64.0,64.0,64.0,574432.0,574432.0,574432.0,576212.5,576212.5,576212.5,576056.5,576056.5,576056.5,510251.0,510251.0,510251.0,65963.0,65963.0,65963.0,8472896.0,8472896.0,8472896.0,4096.0,4096.0,4096.0,8476992.0,8476992.0,8476992.0,573644.0,573644.0,573644.0,14.778224891956238,14.778224891956238,14.778224891956238,88.5523334666665,88.5523334666665,88.5523334666665
gesummv,random_layout_candidate_cc8e78c96007,mapping_18423ae6de23,13,linear_inner,"[64, 2]",linear,"[112, 86, 72, 111, 53, 4, 51]","[1072, 1046, 1032, 1071, 53, 4, 51, 2048, 4096, 8192, 16384, 32768, 65536, 131072, 262144, 524288, 64, 128, 256, 512]",131072.0,9,17,1,True,1572928.0,1572928.0,1572928.0,2097152.0,2097152.0,2097152.0,1089590.0,1089590.0,1089590.0,64.0,64.0,64.0,1089654.0,1089654.0,1089654.0,1091297.0,1091297.0,1091297.0,1091228.0,1091228.0,1091228.0,1025339.0,1025339.0,1025339.0,65958.0,65958.0,65958.0,8476096.0,8476096.0,8476096.0,4096.0,4096.0,4096.0,8480192.0,8480192.0,8480192.0,596165.5,596165.5,596165.5,14.224452878722467,14.224452878722467,14.224452878722467,93.9560074536206,93.9560074536206,93.9560074536206
gesummv,random_layout_candidate_a0a5abdc6b47,mapping_e1de87c9d180,14,linear_inner,"[64, 64]",linear,"[2874, 2324, 1713, 3162, 2712, 2904, 191, 678, 1824, 261, 1061, 2873]","[45114, 36884, 26673, 50202, 43032, 46104, 2111, 10278, 28704, 4101, 16421, 45113, 65536, 131072, 262144, 524288, 64, 128, 256, 512]",524288.0,14,52,1,True,2097216.0,2097216.0,2097216.0,2097152.0,2097152.0,2097152.0,1211852.0,1211852.0,1211852.0,64.0,64.0,64.0,1211916.0,1211916.0,1211916.0,1213621.5,1213621.5,1213621.5,1213453.5,1213453.5,1213453.5,1147654.0,1147654.0,1147654.0,65962.0,65962.0,65962.0,8477568.0,8477568.0,8477568.0,4096.0,4096.0,4096.0,8481664.0,8481664.0,8481664.0,732886.0,732886.0,732886.0,11.572790326589644,11.572790326589644,11.572790326589644,94.5647095658662,94.5647095658662,94.5647095658662
gesummv,random_layout_candidate_549089d1992e,mapping_09785362620a,15,linear_inner,"[64, 2]",linear,"[125, 10, 107, 92, 16, 126, 1]","[1085, 10, 1067, 1052, 16, 1086, 1, 2048, 4096, 8192, 16384, 32768, 65536, 131072, 262144, 524288, 64, 128, 256, 512]",131072.0,9,18,1,True,1572928.0,1572928.0,1572928.0,2097152.0,2097152.0,2097152.0,1089587.0,1089587.0,1089587.0,64.0,64.0,64.0,1089651.0,1089651.0,1089651.0,1091294.0,1091294.0,1091294.0,1091231.5,1091231.5,1091231.5,1025338.0,1025338.0,1025338.0,65956.0,65956.0,65956.0,8474496.0,8474496.0,8474496.0,4096.0,4096.0,4096.0,8478592.0,8478592.0,8478592.0,614325.0,614325.0,614325.0,13.802277231642226,13.802277231642226,13.802277231642226,93.95612426274208,93.95612426274208,93.95612426274208
gesummv,random_layout_candidate_1c255b5de80b,mapping_d0eeee2eba2a,16,linear_inner,"[64, 8]",linear,"[486, 347, 213, 161, 1, 109, 7, 367, 386]","[7206, 5147, 3093, 2081, 1, 1069, 7, 5167, 6146, 8192, 16384, 32768, 65536, 131072, 262144, 524288, 64, 128, 256, 512]",262144.0,11,30,1,True,2097216.0,2097216.0,2097216.0,2097152.0,2097152.0,2097152.0,1106157.0,1106157.0,1106157.0,64.0,64.0,64.0,1106221.0,1106221.0,1106221.0,1107898.0,1107898.0,1107898.0,1107839.0,1107839.0,1107839.0,1041934.5,1041934.5,1041934.5,65964.0,65964.0,65964.0,8476160.0,8476160.0,8476160.0,4096.0,4096.0,4096.0,8480256.0,8480256.0,8480256.0,623706.0,623706.0,623706.0,13.596355042268334,13.596355042268334,13.596355042268334,94.04602228725027,94.04602228725027,94.04602228725027
gesummv,random_layout_candidate_8cc693a3ddb6,mapping_bae957a6a677,17,linear_inner,"[64, 1]",linear,"[19, 17, 44, 62, 11, 6]","[19, 17, 44, 62, 11, 6, 1024, 2048, 4096, 8192, 16384, 32768, 65536, 131072, 262144, 524288, 64, 128, 256, 512]",65536.0,8,12,1,True,1572928.0,1572928.0,1572928.0,2097152.0,2097152.0,2097152.0,574400.0,574400.0,574400.0,64.0,64.0,64.0,574464.0,574464.0,574464.0,576083.5,576083.5,576083.5,576110.5,576110.5,576110.5,510122.5,510122.5,510122.5,65961.0,65961.0,65961.0,8472960.0,8472960.0,8472960.0,4096.0,4096.0,4096.0,8477056.0,8477056.0,8477056.0,547704.5,547704.5,547704.5,15.478596032757792,15.478596032757792,15.478596032757792,88.55008740060026,88.55008740060026,88.55008740060026
gesummv,random_layout_candidate_dcbfe36321e8,mapping_4fe7136997af,18,linear_inner,"[64, 8]",linear,"[70, 77, 138, 170, 172, 404, 188, 367, 47]","[1030, 1037, 2058, 2090, 2092, 6164, 2108, 5167, 47, 8192, 16384, 32768, 65536, 131072, 262144, 524288, 64, 128, 256, 512]",262144.0,11,30,1,True,2097216.0,2097216.0,2097216.0,2097152.0,2097152.0,2097152.0,1106208.0,1106208.0,1106208.0,64.0,64.0,64.0,1106272.0,1106272.0,1106272.0,1107948.5,1107948.5,1107948.5,1107888.5,1107888.5,1107888.5,1041974.0,1041974.0,1041974.0,65974.5,65974.5,65974.5,8476032.0,8476032.0,8476032.0,4096.0,4096.0,4096.0,8480128.0,8480128.0,8480128.0,666366.0,666366.0,666366.0,12.726123539076038,12.726123539076038,12.726123539076038,94.04532873731804,94.04532873731804,94.04532873731804
gesummv,random_layout_candidate_8997e748ba53,mapping_21219e3139eb,19,linear_inner,"[64, 4]",linear,"[29, 122, 187, 61, 239, 12, 78, 45]","[29, 1082, 2107, 61, 3119, 12, 1038, 45, 4096, 8192, 16384, 32768, 65536, 131072, 262144, 524288, 64, 128, 256, 512]",131072.0,10,29,1,True,1572928.0,1572928.0,1572928.0,2097152.0,2097152.0,2097152.0,1106064.0,1106064.0,1106064.0,64.0,64.0,64.0,1106128.0,1106128.0,1106128.0,1107772.0,1107772.0,1107772.0,1107708.0,1107708.0,1107708.0,1041815.5,1041815.5,1041815.5,65956.5,65956.5,65956.5,8475776.0,8475776.0,8475776.0,4096.0,4096.0,4096.0,8479872.0,8479872.0,8479872.0,572025.0,572025.0,572025.0,14.824415450318522,14.824415450318522,14.824415450318522,94.04600170619258,94.04600170619258,94.04600170619258
gesummv,random_layout_candidate_e287b95a2427,mapping_7270fe3a0762,20,linear_inner,"[64, 64]",linear,"[2142, 2984, 290, 1239, 1651, 3422, 1345, 1225, 1698, 445, 407, 2297]","[33822, 47144, 4130, 19479, 25651, 54302, 21505, 19465, 26658, 6205, 6167, 35897, 65536, 131072, 262144, 524288, 64, 128, 256, 512]",1048576.0,14,59,1,True,2097216.0,2097216.0,2097216.0,2097152.0,2097152.0,2097152.0,1205496.0,1205496.0,1205496.0,64.0,64.0,64.0,1205560.0,1205560.0,1205560.0,1207273.5,1207273.5,1207273.5,1207194.0,1207194.0,1207194.0,1141319.0,1141319.0,1141319.0,65960.0,65960.0,65960.0,8475776.0,8475776.0,8475776.0,4096.0,4096.0,4096.0,8479872.0,8479872.0,8479872.0,724146.0,724146.0,724146.0,11.70955323886709,11.70955323886709,11.70955323886709,94.5363436130595,94.5363436130595,94.5363436130595
gesummv,random_layout_candidate_b494205e4722,mapping_54f8252f2cde,21,linear_inner,"[64, 8]",linear,"[59, 358, 254, 218, 19, 154, 171, 376, 351]","[59, 5158, 3134, 3098, 19, 2074, 2091, 5176, 5151, 8192, 16384, 32768, 65536, 131072, 262144, 524288, 64, 128, 256, 512]",262144.0,11,37,1,True,2097216.0,2097216.0,2097216.0,2097152.0,2097152.0,2097152.0,1139030.0,1139030.0,1139030.0,64.0,64.0,64.0,1139094.0,1139094.0,1139094.0,1140765.5,1140765.5,1140765.5,1140697.5,1140697.5,1140697.5,1074804.5,1074804.5,1074804.5,65962.5,65962.5,65962.5,8476160.0,8476160.0,8476160.0,4096.0,4096.0,4096.0,8480256.0,8480256.0,8480256.0,632505.5,632505.5,632505.5,13.407402789002752,13.407402789002752,13.407402789002752,94.2176815584321,94.2176815584321,94.2176815584321
gesummv,random_layout_candidate_04e9d303d2db,mapping_69e5b8606ff8,22,linear_inner,"[64, 2]",linear,"[95, 28, 7, 49, 1, 12, 50]","[1055, 28, 7, 49, 1, 12, 50, 2048, 4096, 8192, 16384, 32768, 65536, 131072, 262144, 524288, 64, 128, 256, 512]",131072.0,9,14,1,True,1572928.0,1572928.0,1572928.0,2097152.0,2097152.0,2097152.0,1089593.0,1089593.0,1089593.0,64.0,64.0,64.0,1089657.0,1089657.0,1089657.0,1091274.0,1091274.0,1091274.0,1091199.0,1091199.0,1091199.0,1025307.5,1025307.5,1025307.5,65962.0,65962.0,65962.0,8472960.0,8472960.0,8472960.0,4096.0,4096.0,4096.0,8477056.0,8477056.0,8477056.0,535424.0,535424.0,535424.0,15.834072143161919,15.834072143161919,15.834072143161919,93.95548859980757,93.95548859980757,93.95548859980757
gesummv,random_layout_candidate_9407f2c04bad,mapping_fdb6af48780b,23,linear_inner,"[64, 16]",linear,"[441, 196, 367, 117, 65, 841, 884, 873, 718, 28]","[6201, 3076, 5167, 1077, 1025, 13321, 13364, 13353, 11278, 28, 16384, 32768, 65536, 131072, 262144, 524288, 64, 128, 256, 512]",524288.0,12,39,1,True,2097216.0,2097216.0,2097216.0,2097152.0,2097152.0,2097152.0,1204944.0,1204944.0,1204944.0,64.0,64.0,64.0,1205008.0,1205008.0,1205008.0,1206680.5,1206680.5,1206680.5,1206651.5,1206651.5,1206651.5,1140718.0,1140718.0,1140718.0,65962.0,65962.0,65962.0,8475776.0,8475776.0,8475776.0,4096.0,4096.0,4096.0,8479872.0,8479872.0,8479872.0,666966.0,666966.0,666966.0,12.715452744983033,12.715452744983033,12.715452744983033,94.53365720072753,94.53365720072753,94.53365720072753
gesummv,random_layout_candidate_4fd0e8c2d7bd,mapping_b0ac811f047c,24,linear_inner,"[64, 16]",linear,"[186, 309, 519, 583, 260, 340, 67, 505, 880, 268]","[2106, 4149, 8199, 9223, 4100, 5140, 1027, 7225, 13360, 4108, 16384, 32768, 65536, 131072, 262144, 524288, 64, 128, 256, 512]",1048576.0,12,33,1,True,2097216.0,2097216.0,2097216.0,2097152.0,2097152.0,2097152.0,1204944.0,1204944.0,1204944.0,64.0,64.0,64.0,1205008.0,1205008.0,1205008.0,1206676.0,1206676.0,1206676.0,1206637.5,1206637.5,1206637.5,1140718.0,1140718.0,1140718.0,65961.0,65961.0,65961.0,8475968.0,8475968.0,8475968.0,4096.0,4096.0,4096.0,8480064.0,8480064.0,8480064.0,687126.0,687126.0,687126.0,12.339476693934923,12.339476693934923,12.339476693934923,94.5337879049046,94.5337879049046,94.5337879049046
gesummv,random_layout_candidate_7d400e962535,mapping_702a8be729b5,25,linear_inner,"[64, 64]",linear,"[3536, 2465, 2937, 334, 2758, 2861, 620, 3318, 4041, 1444, 1684, 144]","[56336, 38945, 46137, 5134, 44038, 45101, 9260, 52278, 64521, 22564, 26644, 2064, 65536, 131072, 262144, 524288, 64, 128, 256, 512]",1048576.0,14,58,1,True,2097216.0,2097216.0,2097216.0,2097152.0,2097152.0,2097152.0,1342360.0,1342360.0,1342360.0,64.0,64.0,64.0,1342424.0,1342424.0,1342424.0,1344072.5,1344072.5,1344072.5,1344036.0,1344036.0,1344036.0,1278109.5,1278109.5,1278109.5,65961.5,65961.5,65961.5,8475840.0,8475840.0,8475840.0,4096.0,4096.0,4096.0,8479936.0,8479936.0,8479936.0,729587.0,729587.0,729587.0,11.622838683217058,11.622838683217058,11.622838683217058,95.09246111968469,95.09246111968469,95.09246111968469
gesummv,random_layout_candidate_8724e45cf310,mapping_51c0640ce79f,26,linear_inner,"[64, 16]",linear,"[477, 395, 469, 48, 103, 482, 796, 155, 20, 33]","[7197, 6155, 7189, 48, 1063, 7202, 12316, 2075, 20, 33, 16384, 32768, 65536, 131072, 262144, 524288, 64, 128, 256, 512]",1048576.0,12,34,1,True,2097216.0,2097216.0,2097216.0,2097152.0,2097152.0,2097152.0,1204968.0,1204968.0,1204968.0,64.0,64.0,64.0,1205032.0,1205032.0,1205032.0,1206710.0,1206710.0,1206710.0,1206631.5,1206631.5,1206631.5,1140743.0,1140743.0,1140743.0,65970.0,65970.0,65970.0,8477504.0,8477504.0,8477504.0,4096.0,4096.0,4096.0,8481600.0,8481600.0,8481600.0,622085.5,622085.5,622085.5,13.634447370681361,13.634447370681361,13.634447370681361,94.53300875339518,94.53300875339518,94.53300875339518
gesummv,random_layout_candidate_a575b259b392,mapping_dee6c1f74dbd,27,linear_inner,"[64, 16]",linear,"[632, 135, 645, 331, 107, 716, 562, 664, 354, 199]","[9272, 2055, 10245, 5131, 1067, 11276, 8242, 10264, 5154, 3079, 16384, 32768, 65536, 131072, 262144, 524288, 64, 128, 256, 512]",1048576.0,12,35,1,True,2097216.0,2097216.0,2097216.0,2097152.0,2097152.0,2097152.0,1204944.0,1204944.0,1204944.0,64.0,64.0,64.0,1205008.0,1205008.0,1205008.0,1206693.0,1206693.0,1206693.0,1206616.5,1206616.5,1206616.5,1140718.0,1140718.0,1140718.0,65973.5,65973.5,65973.5,8477312.0,8477312.0,8477312.0,4096.0,4096.0,4096.0,8481408.0,8481408.0,8481408.0,683047.5,683047.5,683047.5,12.416543535058583,12.416543535058583,12.416543535058583,94.53273456087764,94.53273456087764,94.53273456087764
gesummv,random_layout_candidate_bc7585d24356,mapping_cd4ffc1ba852,28,linear_inner,"[64, 8]",linear,"[483, 266, 341, 291, 292, 448, 110, 117, 47]","[7203, 4106, 5141, 4131, 4132, 7168, 1070, 1077, 47, 8192, 16384, 32768, 65536, 131072, 262144, 524288, 64, 128, 256, 512]",262144.0,11,30,1,True,2097216.0,2097216.0,2097216.0,2097152.0,2097152.0,2097152.0,599154.0,599154.0,599154.0,64.0,64.0,64.0,599218.0,599218.0,599218.0,601048.5,601048.5,601048.5,600864.0,600864.0,600864.0,535078.0,535078.0,535078.0,65962.0,65962.0,65962.0,8475904.0,8475904.0,8475904.0,4096.0,4096.0,4096.0,8480000.0,8480000.0,8480000.0,636685.5,636685.5,636685.5,13.31938071648923,13.31938071648923,13.31938071648923,89.02462554727006,89.02462554727006,89.02462554727006
gesummv,random_layout_candidate_4756ad49c517,mapping_ea9719d69b56,29,linear_inner,"[64, 64]",linear,"[123, 2034, 3765, 3539, 3941, 1329, 2959, 1034, 321, 1443, 288, 497]","[1083, 31794, 59445, 56339, 62501, 20529, 47119, 16394, 5121, 22563, 4128, 7217, 65536, 131072, 262144, 524288, 64, 128, 256, 512]",1048576.0,14,59,1,True,2097216.0,2097216.0,2097216.0,2097152.0,2097152.0,2097152.0,1342384.0,1342384.0,1342384.0,64.0,64.0,64.0,1342448.0,1342448.0,1342448.0,1344103.0,1344103.0,1344103.0,1344067.0,1344067.0,1344067.0,1278142.0,1278142.0,1278142.0,65961.0,65961.0,65961.0,8475648.0,8475648.0,8475648.0,4096.0,4096.0,4096.0,8479744.0,8479744.0,8479744.0,731487.0,731487.0,731487.0,11.592739762589972,11.592739762589972,11.592739762589972,95.09244268688968,95.09244268688968,95.09244268688968
gesummv,random_layout_candidate_91e5e1986e79,mapping_c0489776b6a3,30,linear_inner,"[64, 4]",linear,"[32, 205, 57, 80, 130, 62, 60, 193]","[32, 3085, 57, 1040, 2050, 62, 60, 3073, 4096, 8192, 16384, 32768, 65536, 131072, 262144, 524288, 64, 128, 256, 512]",131072.0,10,18,1,True,1572928.0,1572928.0,1572928.0,2097152.0,2097152.0,2097152.0,1106070.0,1106070.0,1106070.0,64.0,64.0,64.0,1106134.0,1106134.0,1106134.0,1107789.5,1107789.5,1107789.5,1107730.5,1107730.5,1107730.5,1041824.0,1041824.0,1041824.0,65965.0,65965.0,65965.0,8476096.0,8476096.0,8476096.0,4096.0,4096.0,4096.0,8480192.0,8480192.0,8480192.0,564325.0,564325.0,564325.0,15.028015635495938,15.028015635495938,15.028015635495938,94.04527092546994,94.04527092546994,94.04527092546994
gesummv,random_layout_candidate_1ca6fffb03d6,mapping_b458f45cd95f,31,linear_inner,"[64, 2]",linear,"[41, 56, 26, 47, 37, 121, 60]","[41, 56, 26, 47, 37, 1081, 60, 2048, 4096, 8192, 16384, 32768, 65536, 131072, 262144, 524288, 64, 128, 256, 512]",131072.0,9,19,1,True,2097216.0,2097216.0,2097216.0,2097152.0,2097152.0,2097152.0,1089590.0,1089590.0,1089590.0,64.0,64.0,64.0,1089654.0,1089654.0,1089654.0,1091288.5,1091288.5,1091288.5,1091233.5,1091233.5,1091233.5,1025320.5,1025320.5,1025320.5,65967.0,65967.0,65967.0,8473664.0,8473664.0,8473664.0,4096.0,4096.0,4096.0,8477760.0,8477760.0,8477760.0,540684.0,540684.0,540684.0,15.680642041145909,15.680642041145909,15.680642041145909,93.95508027262606,93.95508027262606,93.95508027262606
gesummv,random_layout_candidate_3c2507695324,mapping_90010f91c21a,32,linear_inner,"[64, 1]",linear,"[60, 11, 50, 6, 17, 7]","[60, 11, 50, 6, 17, 7, 1024, 2048, 4096, 8192, 16384, 32768, 65536, 131072, 262144, 524288, 64, 128, 256, 512]",65536.0,8,11,1,True,1572928.0,1572928.0,1572928.0,2097152.0,2097152.0,2097152.0,574400.0,574400.0,574400.0,64.0,64.0,64.0,574464.0,574464.0,574464.0,576105.0,576105.0,576105.0,576050.5,576050.5,576050.5,510154.0,510154.0,510154.0,65952.0,65952.0,65952.0,8474176.0,8474176.0,8474176.0,4096.0,4096.0,4096.0,8478272.0,8478272.0,8478272.0,550225.0,550225.0,550225.0,15.408620293180391,15.408620293180391,15.408620293180391,88.55172247563769,88.55172247563769,88.55172247563769
gesummv,random_layout_candidate_aebb1770bb62,mapping_b277fbfe09bc,33,linear_inner,"[64, 16]",linear,"[620, 704, 157, 814, 719, 456, 950, 408, 189, 786]","[9260, 11264, 2077, 12334, 11279, 7176, 14390, 6168, 2109, 12306, 16384, 32768, 65536, 131072, 262144, 524288, 64, 128, 256, 512]",1048576.0,12,41,1,True,2097216.0,2097216.0,2097216.0,2097152.0,2097152.0,2097152.0,1204968.0,1204968.0,1204968.0,64.0,64.0,64.0,1205032.0,1205032.0,1205032.0,1206688.5,1206688.5,1206688.5,1206617.5,1206617.5,1206617.5,1140718.0,1140718.0,1140718.0,65967.5,65967.5,65967.5,8475584.0,8475584.0,8475584.0,4096.0,4096.0,4096.0,8479680.0,8479680.0,8479680.0,691866.0,691866.0,691866.0,12.255122361503311,12.255122361503311,12.255122361503311,94.53314372496622,94.53314372496622,94.53314372496622
gesummv,random_layout_candidate_af8b26333921,mapping_dc723a3ee59c,34,linear_inner,"[64, 8]",linear,"[221, 89, 126, 491, 232, 174, 479, 267, 72]","[3101, 1049, 1086, 7211, 3112, 2094, 7199, 4107, 1032, 8192, 16384, 32768, 65536, 131072, 262144, 524288, 64, 128, 256, 512]",524288.0,11,37,1,True,2097216.0,2097216.0,2097216.0,2097152.0,2097152.0,2097152.0,1139024.0,1139024.0,1139024.0,64.0,64.0,64.0,1139088.0,1139088.0,1139088.0,1140758.5,1140758.5,1140758.5,1140709.5,1140709.5,1140709.5,1074798.0,1074798.0,1074798.0,65960.5,65960.5,65960.5,8475648.0,8475648.0,8475648.0,4096.0,4096.0,4096.0,8479744.0,8479744.0,8479744.0,664785.5,664785.5,664785.5,12.756186780993868,12.756186780993868,12.756186780993868,94.21775326777373,94.21775326777373,94.21775326777373
gesummv,random_layout_candidate_0c530d143550,mapping_f3ccc5eeba7e,35,linear_inner,"[64, 4]",linear,"[76, 29, 196, 250, 161, 77, 139, 155]","[1036, 29, 3076, 3130, 2081, 1037, 2059, 2075, 4096, 8192, 16384, 32768, 65536, 131072, 262144, 524288, 64, 128, 256, 512]",262144.0,10,24,1,True,2097216.0,2097216.0,2097216.0,2097152.0,2097152.0,2097152.0,1106076.0,1106076.0,1106076.0,64.0,64.0,64.0,1106140.0,1106140.0,1106140.0,1107807.5,1107807.5,1107807.5,1107753.5,1107753.5,1107753.5,1041845.0,1041845.0,1041845.0,65963.0,65963.0,65963.0,8475840.0,8475840.0,8475840.0,4096.0,4096.0,4096.0,8479936.0,8479936.0,8479936.0,631845.0,631845.0,631845.0,13.421134013955374,13.421134013955374,13.421134013955374,94.04564228278016,94.04564228278016,94.04564228278016
gesummv,random_layout_candidate_2b99ba132121,mapping_5598cc96d0d7,36,linear_inner,"[64, 2]",linear,"[36, 111, 96, 86, 116, 25, 76]","[36, 1071, 1056, 1046, 1076, 25, 1036, 2048, 4096, 8192, 16384, 32768, 65536, 131072, 262144, 524288, 64, 128, 256, 512]",131072.0,9,17,1,True,2097216.0,2097216.0,2097216.0,2097152.0,2097152.0,2097152.0,1089590.0,1089590.0,1089590.0,64.0,64.0,64.0,1089654.0,1089654.0,1089654.0,1091294.0,1091294.0,1091294.0,1091236.0,1091236.0,1091236.0,1025337.5,1025337.5,1025337.5,65955.0,65955.0,65955.0,8475904.0,8475904.0,8475904.0,4096.0,4096.0,4096.0,8480000.0,8480000.0,8480000.0,624365.0,624365.0,624365.0,13.582004171927146,13.582004171927146,13.582004171927146,93.95621438557097,93.95621438557097,93.95621438557097
gesummv,random_layout_candidate_4b5b45eaa334,mapping_70c011b5002f,37,linear_inner,"[64, 1]",linear,"[21, 7, 33, 55, 15, 57]","[21, 7, 33, 55, 15, 57, 1024, 2048, 4096, 8192, 16384, 32768, 65536, 131072, 262144, 524288, 64, 128, 256, 512]",65536.0,8,15,1,True,1572928.0,1572928.0,1572928.0,2097152.0,2097152.0,2097152.0,574400.0,574400.0,574400.0,64.0,64.0,64.0,574464.0,574464.0,574464.0,576140.5,576140.5,576140.5,575875.0,575875.0,575875.0,510187.0,510187.0,510187.0,65949.5,65949.5,65949.5,8473984.0,8473984.0,8473984.0,4096.0,4096.0,4096.0,8478080.0,8478080.0,8478080.0,549144.0,549144.0,549144.0,15.437870439969467,15.437870439969467,15.437870439969467,88.55261867562135,88.55261867562135,88.55261867562135
gesummv,random_layout_candidate_3641d5414a31,mapping_243edb7d2d52,38,linear_inner,"[64, 64]",linear,"[669, 278, 1699, 3526, 1186, 1158, 2129, 550, 2351, 2142, 2568, 861]","[10269, 4118, 26659, 56326, 18466, 18438, 33809, 8230, 36911, 33822, 40968, 13341, 65536, 131072, 262144, 524288, 64, 128, 256, 512]",1048576.0,14,50,1,True,2097216.0,2097216.0,2097216.0,2097152.0,2097152.0,2097152.0,1342296.0,1342296.0,1342296.0,64.0,64.0,64.0,1342360.0,1342360.0,1342360.0,1344021.0,1344021.0,1344021.0,1343977.0,1343977.0,1343977.0,1278061.5,1278061.5,1278061.5,65959.5,65959.5,65959.5,8475776.0,8475776.0,8475776.0,4096.0,4096.0,4096.0,8479872.0,8479872.0,8479872.0,731745.5,731745.5,731745.5,11.590480101686138,11.590480101686138,11.590480101686138,95.09259259276516,95.09259259276516,95.09259259276516
gesummv,random_layout_candidate_84716d9af839,mapping_70a2d3340c13,39,linear_inner,"[64, 16]",linear,"[908, 636, 220, 26, 363, 482, 400, 909, 1016, 10]","[14348, 9276, 3100, 26, 5163, 7202, 6160, 14349, 15416, 10, 16384, 32768, 65536, 131072, 262144, 524288, 64, 128, 256, 512]",524288.0,12,38,1,True,2097216.0,2097216.0,2097216.0,2097152.0,2097152.0,2097152.0,1139300.0,1139300.0,1139300.0,64.0,64.0,64.0,1139364.0,1139364.0,1139364.0,1141050.0,1141050.0,1141050.0,1140994.0,1140994.0,1140994.0,1075081.5,1075081.5,1075081.5,65962.0,65962.0,65962.0,8477568.0,8477568.0,8477568.0,4096.0,4096.0,4096.0,8481664.0,8481664.0,8481664.0,647266.0,647266.0,647266.0,13.10383418920539,13.10383418920539,13.10383418920539,94.21907186989043,94.21907186989043,94.21907186989043
gesummv,random_layout_candidate_0abb47b01044,mapping_73753dd8bb5a,40,linear_inner,"[64, 64]",linear,"[2903, 604, 2146, 1294, 529, 855, 3728, 765, 1819, 1430, 3233, 4028]","[46103, 9244, 33826, 20494, 8209, 13335, 59408, 11325, 28699, 22550, 51233, 63548, 65536, 131072, 262144, 524288, 64, 128, 256, 512]",524288.0,14,60,1,True,2097216.0,2097216.0,2097216.0,2097152.0,2097152.0,2097152.0,1212960.0,1212960.0,1212960.0,64.0,64.0,64.0,1213024.0,1213024.0,1213024.0,1214748.0,1214748.0,1214748.0,1214662.0,1214662.0,1214662.0,1148787.5,1148787.5,1148787.5,65959.0,65959.0,65959.0,8476544.0,8476544.0,8476544.0,4096.0,4096.0,4096.0,8480640.0,8480640.0,8480640.0,733046.5,733046.5,733046.5,11.569907549420464,11.569907549420464,11.569907549420464,94.57007335653373,94.57007335653373,94.57007335653373
gesummv,random_layout_candidate_ee174d6f9206,mapping_e87bfdcd3a6c,41,linear_inner,"[64, 8]",linear,"[218, 413, 251, 199, 373, 112, 407, 100, 224]","[3098, 6173, 3131, 3079, 5173, 1072, 6167, 1060, 3104, 8192, 16384, 32768, 65536, 131072, 262144, 524288, 64, 128, 256, 512]",524288.0,11,35,1,True,1572928.0,1572928.0,1572928.0,2097152.0,2097152.0,2097152.0,1139024.0,1139024.0,1139024.0,64.0,64.0,64.0,1139088.0,1139088.0,1139088.0,1140758.0,1140758.0,1140758.0,1140700.0,1140700.0,1140700.0,1074798.0,1074798.0,1074798.0,65962.0,65962.0,65962.0,8476480.0,8476480.0,8476480.0,4096.0,4096.0,4096.0,8480576.0,8480576.0,8480576.0,661225.5,661225.5,661225.5,12.827278885835653,12.827278885835653,12.827278885835653,94.21778904464401,94.21778904464401,94.21778904464401
gesummv,random_layout_candidate_46cf94e2c605,mapping_19b972bd32c4,42,linear_inner,"[64, 2]",linear,"[75, 90, 6, 115, 49, 4, 29]","[1035, 1050, 6, 1075, 49, 4, 29, 2048, 4096, 8192, 16384, 32768, 65536, 131072, 262144, 524288, 64, 128, 256, 512]",131072.0,9,16,1,True,2097216.0,2097216.0,2097216.0,2097152.0,2097152.0,2097152.0,1089588.5,1089588.5,1089588.5,64.0,64.0,64.0,1089652.5,1089652.5,1089652.5,1091297.0,1091297.0,1091297.0,1091235.0,1091235.0,1091235.0,1025338.0,1025338.0,1025338.0,65955.5,65955.5,65955.5,8475904.0,8475904.0,8475904.0,4096.0,4096.0,4096.0,8480000.0,8480000.0,8480000.0,574184.5,574184.5,574184.5,14.768802082879809,14.768802082879809,14.768802082879809,93.95619500197871,93.95619500197871,93.95619500197871
gesummv,random_layout_candidate_524aae27bec0,mapping_64df9bd4adf6,43,linear_inner,"[64, 32]",linear,"[609, 1254, 177, 1443, 1779, 1048, 1539, 582, 1579, 1797, 1808]","[9249, 19494, 2097, 22563, 27699, 16408, 24579, 9222, 24619, 28677, 28688, 32768, 65536, 131072, 262144, 524288, 64, 128, 256, 512]",524288.0,13,43,1,True,2097216.0,2097216.0,2097216.0,2097152.0,2097152.0,2097152.0,1205640.0,1205640.0,1205640.0,64.0,64.0,64.0,1205704.0,1205704.0,1205704.0,1207349.0,1207349.0,1207349.0,1207330.0,1207330.0,1207330.0,1141389.5,1141389.5,1141389.5,65967.0,65967.0,65967.0,8475776.0,8475776.0,8475776.0,4096.0,4096.0,4096.0,8479872.0,8479872.0,8479872.0,709566.0,709566.0,709566.0,11.9512138766556,11.9512138766556,11.9512138766556,94.53624078015673,94.53624078015673,94.53624078015673
gesummv,random_layout_candidate_76af7ac3dd26,mapping_2f267ee2ed36,44,linear_inner,"[64, 4]",linear,"[105, 117, 13, 161, 178, 132, 170, 244]","[1065, 1077, 13, 2081, 2098, 2052, 2090, 3124, 4096, 8192, 16384, 32768, 65536, 131072, 262144, 524288, 64, 128, 256, 512]",262144.0,10,22,1,True,2097216.0,2097216.0,2097216.0,2097152.0,2097152.0,2097152.0,1106061.0,1106061.0,1106061.0,64.0,64.0,64.0,1106125.0,1106125.0,1106125.0,1107789.5,1107789.5,1107789.5,1107720.0,1107720.0,1107720.0,1041825.5,1041825.5,1041825.5,65962.5,65962.5,65962.5,8475328.0,8475328.0,8475328.0,4096.0,4096.0,4096.0,8479424.0,8479424.0,8479424.0,635585.0,635585.0,635585.0,13.341132988365082,13.341132988365082,13.341132988365082,94.0456073456989,94.0456073456989,94.0456073456989
gesummv,random_layout_candidate_9c6732d10eaa,mapping_71ecac23bfa4,45,linear_inner,"[64, 32]",linear,"[1377, 1493, 1506, 617, 639, 1058, 1761, 787, 521, 987, 704]","[21537, 23573, 23586, 9257, 9279, 16418, 27681, 12307, 8201, 15387, 11264, 32768, 65536, 131072, 262144, 524288, 64, 128, 256, 512]",1048576.0,13,48,1,True,1572928.0,1572928.0,1572928.0,2097152.0,2097152.0,2097152.0,1205664.0,1205664.0,1205664.0,64.0,64.0,64.0,1205728.0,1205728.0,1205728.0,1207380.0,1207380.0,1207380.0,1207314.0,1207314.0,1207314.0,1141425.0,1141425.0,1141425.0,65961.0,65961.0,65961.0,8475776.0,8475776.0,8475776.0,4096.0,4096.0,4096.0,8479872.0,8479872.0,8479872.0,704946.0,704946.0,704946.0,12.029268495898407,12.029268495898407,12.029268495898407,94.53690405789756,94.53690405789756,94.53690405789756
gesummv,random_layout_candidate_c9e9d1df0d27,mapping_5b71e5210b64,46,linear_inner,"[64, 64]",linear,"[1169, 2498, 2216, 3231, 824, 2912, 1215, 3184, 1809, 2105, 2476, 1892]","[18449, 39938, 34856, 51231, 12344, 46112, 18495, 50224, 28689, 32825, 38956, 29732, 65536, 131072, 262144, 524288, 64, 128, 256, 512]",1048576.0,14,54,1,True,2097216.0,2097216.0,2097216.0,2097152.0,2097152.0,2097152.0,1342312.0,1342312.0,1342312.0,64.0,64.0,64.0,1342376.0,1342376.0,1342376.0,1344037.0,1344037.0,1344037.0,1343912.5,1343912.5,1343912.5,1278063.0,1278063.0,1278063.0,65972.0,65972.0,65972.0,8476544.0,8476544.0,8476544.0,4096.0,4096.0,4096.0,8480640.0,8480640.0,8480640.0,731266.0,731266.0,731266.0,11.596286455317081,11.596286455317081,11.596286455317081,95.09141104791937,95.09141104791937,95.09141104791937
gesummv,random_layout_candidate_fd0ca6879671,mapping_20c53a7f377b,47,linear_inner,"[64, 16]",linear,"[176, 750, 424, 254, 223, 291, 900, 753, 1021, 675]","[2096, 11310, 6184, 3134, 3103, 4131, 14340, 11313, 15421, 10275, 16384, 32768, 65536, 131072, 262144, 524288, 64, 128, 256, 512]",524288.0,12,46,1,True,2097216.0,2097216.0,2097216.0,2097152.0,2097152.0,2097152.0,1139300.0,1139300.0,1139300.0,64.0,64.0,64.0,1139364.0,1139364.0,1139364.0,1141029.5,1141029.5,1141029.5,1140987.0,1140987.0,1140987.0,1075068.0,1075068.0,1075068.0,65962.0,65962.0,65962.0,8477312.0,8477312.0,8477312.0,4096.0,4096.0,4096.0,8481408.0,8481408.0,8481408.0,686286.5,686286.5,686286.5,12.359076720147096,12.359076720147096,12.359076720147096,94.2191374673692,94.2191374673692,94.2191374673692
gesummv,random_layout_candidate_7e80ca94bbab,mapping_936e39fd680e,48,linear_inner,"[64, 1]",linear,"[47, 36, 22, 14, 43, 45]","[47, 36, 22, 14, 43, 45, 1024, 2048, 4096, 8192, 16384, 32768, 65536, 131072, 262144, 524288, 64, 128, 256, 512]",65536.0,8,15,1,True,1572928.0,1572928.0,1572928.0,2097152.0,2097152.0,2097152.0,574400.0,574400.0,574400.0,64.0,64.0,64.0,574464.0,574464.0,574464.0,576131.5,576131.5,576131.5,576003.0,576003.0,576003.0,510164.5,510164.5,510164.5,65967.0,65967.0,65967.0,8475200.0,8475200.0,8475200.0,4096.0,4096.0,4096.0,8479296.0,8479296.0,8479296.0,547464.0,547464.0,547464.0,15.487966344161528,15.487966344161528,15.487966344161528,88.54947057802465,88.54947057802465,88.54947057802465
gesummv,random_layout_candidate_7829965611d9,mapping_69a62d65a454,49,linear_inner,"[64, 32]",linear,"[31, 1132, 1033, 671, 751, 1198, 1300, 51, 1662, 265, 1795]","[31, 17452, 16393, 10271, 11311, 18478, 20500, 51, 25662, 4105, 28675, 32768, 65536, 131072, 262144, 524288, 64, 128, 256, 512]",1048576.0,13,47,1,True,2097216.0,2097216.0,2097216.0,2097152.0,2097152.0,2097152.0,1205580.0,1205580.0,1205580.0,64.0,64.0,64.0,1205644.0,1205644.0,1205644.0,1207306.0,1207306.0,1207306.0,1207269.5,1207269.5,1207269.5,1141342.0,1141342.0,1141342.0,65961.0,65961.0,65961.0,8477440.0,8477440.0,8477440.0,4096.0,4096.0,4096.0,8481536.0,8481536.0,8481536.0,665966.0,665966.0,665966.0,12.738946192883938,12.738946192883938,12.738946192883938,94.53659566871414,94.53659566871414,94.53659566871414
gesummv,random_layout_candidate_e097895dbb44,mapping_bfceec89662a,50,linear_inner,"[64, 8]",linear,"[120, 375, 67, 417, 119, 389, 196, 180, 311]","[1080, 5175, 1027, 6177, 1079, 6149, 3076, 2100, 4151, 8192, 16384, 32768, 65536, 131072, 262144, 524288, 64, 128, 256, 512]",262144.0,11,32,1,True,1572928.0,1572928.0,1572928.0,2097152.0,2097152.0,2097152.0,1139024.0,1139024.0,1139024.0,64.0,64.0,64.0,1139088.0,1139088.0,1139088.0,1140776.0,1140776.0,1140776.0,1140700.0,1140700.0,1140700.0,1074800.0,1074800.0,1074800.0,65972.0,65972.0,65972.0,8475776.0,8475776.0,8475776.0,4096.0,4096.0,4096.0,8479872.0,8479872.0,8479872.0,659785.5,659785.5,659785.5,12.8520805308236,12.8520805308236,12.8520805308236,94.21692407879496,94.21692407879496,94.21692407879496
gesummv,random_layout_candidate_5e6d633e1ea0,mapping_8c93535cd25d,51,linear_inner,"[64, 16]",linear,"[135, 644, 510, 922, 939, 110, 630, 853, 26, 539]","[2055, 10244, 7230, 14362, 14379, 1070, 9270, 13333, 26, 8219, 16384, 32768, 65536, 131072, 262144, 524288, 64, 128, 256, 512]",1048576.0,12,43,1,True,2097216.0,2097216.0,2097216.0,2097152.0,2097152.0,2097152.0,1204944.0,1204944.0,1204944.0,64.0,64.0,64.0,1205008.0,1205008.0,1205008.0,1206680.5,1206680.5,1206680.5,1206631.5,1206631.5,1206631.5,1140718.0,1140718.0,1140718.0,65960.5,65960.5,65960.5,8477312.0,8477312.0,8477312.0,4096.0,4096.0,4096.0,8481408.0,8481408.0,8481408.0,664646.0,664646.0,664646.0,12.756762579541922,12.756762579541922,12.756762579541922,94.53369637260133,94.53369637260133,94.53369637260133
gesummv,random_layout_candidate_a737295f388b,mapping_72177229c249,52,linear_inner,"[64, 16]",linear,"[984, 255, 351, 883, 451, 684, 743, 675, 673, 231]","[15384, 3135, 5151, 13363, 7171, 10284, 11303, 10275, 10273, 3111, 16384, 32768, 65536, 131072, 262144, 524288, 64, 128, 256, 512]",524288.0,12,50,1,True,2097216.0,2097216.0,2097216.0,2097152.0,2097152.0,2097152.0,1139024.0,1139024.0,1139024.0,64.0,64.0,64.0,1139088.0,1139088.0,1139088.0,1140760.5,1140760.5,1140760.5,1140696.0,1140696.0,1140696.0,1074804.5,1074804.5,1074804.5,65961.0,65961.0,65961.0,8475776.0,8475776.0,8475776.0,4096.0,4096.0,4096.0,8479872.0,8479872.0,8479872.0,690246.0,690246.0,690246.0,12.28528963366318,12.28528963366318,12.28528963366318,94.21785792240512,94.21785792240512,94.21785792240512
gesummv,random_layout_candidate_ac8fc99dbafb,mapping_a2bd7522fc0c,53,linear_inner,"[64, 4]",linear,"[88, 171, 41, 78, 4, 91, 146, 138]","[1048, 2091, 41, 1038, 4, 1051, 2066, 2058, 4096, 8192, 16384, 32768, 65536, 131072, 262144, 524288, 64, 128, 256, 512]",262144.0,10,19,1,True,1572928.0,1572928.0,1572928.0,2097152.0,2097152.0,2097152.0,1106058.0,1106058.0,1106058.0,64.0,64.0,64.0,1106122.0,1106122.0,1106122.0,1107788.5,1107788.5,1107788.5,1107737.0,1107737.0,1107737.0,1041823.0,1041823.0,1041823.0,65963.5,65963.5,65963.5,8475392.0,8475392.0,8475392.0,4096.0,4096.0,4096.0,8479488.0,8479488.0,8479488.0,612365.0,612365.0,612365.0,13.851085372372609,13.851085372372609,13.851085372372609,94.04546545969839,94.04546545969839,94.04546545969839
gesummv,random_layout_candidate_91c148b7ff67,mapping_12a3a956c3ad,54,linear_inner,"[64, 1]",linear,"[14, 60, 41, 20, 4, 52]","[14, 60, 41, 20, 4, 52, 1024, 2048, 4096, 8192, 16384, 32768, 65536, 131072, 262144, 524288, 64, 128, 256, 512]",65536.0,8,10,1,True,1572928.0,1572928.0,1572928.0,2097152.0,2097152.0,2097152.0,574528.0,574528.0,574528.0,64.0,64.0,64.0,574592.0,574592.0,574592.0,576136.0,576136.0,576136.0,576135.5,576135.5,576135.5,510185.5,510185.5,510185.5,65951.0,65951.0,65951.0,8474752.0,8474752.0,8474752.0,4096.0,4096.0,4096.0,8478848.0,8478848.0,8478848.0,561385.0,561385.0,561385.0,15.102419890521038,15.102419890521038,15.102419890521038,88.55244510684776,88.55244510684776,88.55244510684776
gesummv,random_layout_candidate_ec0718746bec,mapping_86513f5bfe3f,55,linear_inner,"[64, 1]",linear,"[19, 11, 41, 21, 46, 63]","[19, 11, 41, 21, 46, 63, 1024, 2048, 4096, 8192, 16384, 32768, 65536, 131072, 262144, 524288, 64, 128, 256, 512]",65536.0,8,16,1,True,1572928.0,1572928.0,1572928.0,2097152.0,2097152.0,2097152.0,574432.0,574432.0,574432.0,64.0,64.0,64.0,574496.0,574496.0,574496.0,576072.0,576072.0,576072.0,576060.5,576060.5,576060.5,510123.5,510123.5,510123.5,65949.0,65949.0,65949.0,8473728.0,8473728.0,8473728.0,4096.0,4096.0,4096.0,8477824.0,8477824.0,8477824.0,547384.5,547384.5,547384.5,15.488097152406269,15.488097152406269,15.488097152406269,88.55200882546977,88.55200882546977,88.55200882546977
gesummv,random_layout_candidate_3d086f0117e2,mapping_263d6c64005c,56,linear_inner,"[64, 64]",linear,"[12, 2050, 566, 2547, 3558, 2711, 2105, 3440, 3000, 2865, 606, 326]","[12, 32770, 8246, 39987, 56358, 43031, 32825, 54320, 47160, 45105, 9246, 5126, 65536, 131072, 262144, 524288, 64, 128, 256, 512]",524288.0,14,54,1,True,2097216.0,2097216.0,2097216.0,2097152.0,2097152.0,2097152.0,1213148.0,1213148.0,1213148.0,64.0,64.0,64.0,1213212.0,1213212.0,1213212.0,1214845.5,1214845.5,1214845.5,1214896.0,1214896.0,1214896.0,1148885.5,1148885.5,1148885.5,65960.0,65960.0,65960.0,8475776.0,8475776.0,8475776.0,4096.0,4096.0,4096.0,8479872.0,8479872.0,8479872.0,712806.0,712806.0,712806.0,11.896735167791938,11.896735167791938,11.896735167791938,94.57044713169975,94.57044713169975,94.57044713169975
gesummv,random_layout_candidate_84a8a697c338,mapping_3d140f5d0eb4,57,linear_inner,"[64, 4]",linear,"[26, 158, 160, 117, 181, 38, 157, 154]","[26, 2078, 2080, 1077, 2101, 38, 2077, 2074, 4096, 8192, 16384, 32768, 65536, 131072, 262144, 524288, 64, 128, 256, 512]",262144.0,10,24,1,True,2097216.0,2097216.0,2097216.0,2097152.0,2097152.0,2097152.0,1106067.0,1106067.0,1106067.0,64.0,64.0,64.0,1106131.0,1106131.0,1106131.0,1107794.0,1107794.0,1107794.0,1107720.0,1107720.0,1107720.0,1041821.5,1041821.5,1041821.5,65973.0,65973.0,65973.0,8475264.0,8475264.0,8475264.0,4096.0,4096.0,4096.0,8479360.0,8479360.0,8479360.0,614645.5,614645.5,614645.5,13.79657054419517,13.79657054419517,13.79657054419517,94.04466221250703,94.04466221250703,94.04466221250703
gesummv,random_layout_candidate_a36d75920ce8,mapping_09267a6df39e,58,linear_inner,"[64, 1]",linear,"[5, 22, 18, 42, 9, 29]","[5, 22, 18, 42, 9, 29, 1024, 2048, 4096, 8192, 16384, 32768, 65536, 131072, 262144, 524288, 64, 128, 256, 512]",65536.0,8,10,1,True,1572928.0,1572928.0,1572928.0,2097152.0,2097152.0,2097152.0,574272.0,574272.0,574272.0,64.0,64.0,64.0,574336.0,574336.0,574336.0,576039.5,576039.5,576039.5,576106.0,576106.0,576106.0,510090.0,510090.0,510090.0,65950.0,65950.0,65950.0,8472832.0,8472832.0,8472832.0,4096.0,4096.0,4096.0,8476928.0,8476928.0,8476928.0,553685.0,553685.0,553685.0,15.31001926456453,15.31001926456453,15.31001926456453,88.5513927279589,88.5513927279589,88.5513927279589
gesummv,random_layout_candidate_43c8f07f6ec9,mapping_990013007737,59,linear_inner,"[64, 2]",linear,"[34, 102, 63, 120, 50, 1, 39]","[34, 1062, 63, 1080, 50, 1, 39, 2048, 4096, 8192, 16384, 32768, 65536, 131072, 262144, 524288, 64, 128, 256, 512]",131072.0,9,17,1,True,1572928.0,1572928.0,1572928.0,2097152.0,2097152.0,2097152.0,1089587.0,1089587.0,1089587.0,64.0,64.0,64.0,1089651.0,1089651.0,1089651.0,1091294.0,1091294.0,1091294.0,1091226.0,1091226.0,1091226.0,1025322.5,1025322.5,1025322.5,65970.5,65970.5,65970.5,8473600.0,8473600.0,8473600.0,4096.0,4096.0,4096.0,8477696.0,8477696.0,8477696.0,556944.5,556944.5,556944.5,15.222026785002267,15.222026785002267,15.222026785002267,93.95480386435631,93.95480386435631,93.95480386435631
gesummv,random_layout_candidate_7f357510e505,mapping_3077a0a0a294,60,linear_inner,"[64, 16]",linear,"[922, 295, 563, 480, 1000, 35, 791, 544, 584, 565]","[14362, 4135, 8243, 7200, 15400, 35, 12311, 8224, 9224, 8245, 16384, 32768, 65536, 131072, 262144, 524288, 64, 128, 256, 512]",524288.0,12,35,1,True,2097216.0,2097216.0,2097216.0,2097152.0,2097152.0,2097152.0,1204968.0,1204968.0,1204968.0,64.0,64.0,64.0,1205032.0,1205032.0,1205032.0,1206663.0,1206663.0,1206663.0,1206633.5,1206633.5,1206633.5,1140693.0,1140693.0,1140693.0,65960.0,65960.0,65960.0,8475776.0,8475776.0,8475776.0,4096.0,4096.0,4096.0,8479872.0,8479872.0,8479872.0,674846.0,674846.0,674846.0,12.565735117692618,12.565735117692618,12.565735117692618,94.53371382693315,94.53371382693315,94.53371382693315
gesummv,random_layout_candidate_fcaa59c6d9f3,mapping_d61c3f9fb8ee,61,linear_inner,"[64, 4]",linear,"[156, 48, 17, 140, 239, 108, 71, 243]","[2076, 48, 17, 2060, 3119, 1068, 1031, 3123, 4096, 8192, 16384, 32768, 65536, 131072, 262144, 524288, 64, 128, 256, 512]",262144.0,10,24,1,True,2097216.0,2097216.0,2097216.0,2097152.0,2097152.0,2097152.0,1106067.0,1106067.0,1106067.0,64.0,64.0,64.0,1106131.0,1106131.0,1106131.0,1107785.5,1107785.5,1107785.5,1107734.0,1107734.0,1107734.0,1041822.0,1041822.0,1041822.0,65961.5,65961.5,65961.5,8476800.0,8476800.0,8476800.0,4096.0,4096.0,4096.0,8480896.0,8480896.0,8480896.0,617085.5,617085.5,617085.5,13.744299615396422,13.744299615396422,13.744299615396422,94.04563366774404,94.04563366774404,94.04563366774404
gesummv,random_layout_candidate_c3979bc1a3a6,mapping_e9ec30e1c924,62,linear_inner,"[64, 64]",linear,"[1020, 2341, 3652, 991, 1124, 758, 3870, 3105, 3794, 1720, 319, 2347]","[15420, 36901, 58372, 15391, 17444, 11318, 61470, 49185, 60434, 26680, 4159, 36907, 65536, 131072, 262144, 524288, 64, 128, 256, 512]",1048576.0,14,64,1,True,2097216.0,2097216.0,2097216.0,2097152.0,2097152.0,2097152.0,1341936.0,1341936.0,1341936.0,64.0,64.0,64.0,1342000.0,1342000.0,1342000.0,1343656.0,1343656.0,1343656.0,1343620.5,1343620.5,1343620.5,1277701.0,1277701.0,1277701.0,65961.5,65961.5,65961.5,8477312.0,8477312.0,8477312.0,4096.0,4096.0,4096.0,8481408.0,8481408.0,8481408.0,729506.5,729506.5,729506.5,11.626443258338824,11.626443258338824,11.626443258338824,95.09091964495926,95.09091964495926,95.09091964495926
gesummv,random_layout_candidate_33592cbb5665,mapping_2828dbecb752,63,linear_inner,"[64, 8]",linear,"[121, 380, 365, 230, 442, 260, 458, 413, 414]","[1081, 5180, 5165, 3110, 6202, 4100, 7178, 6173, 6174, 8192, 16384, 32768, 65536, 131072, 262144, 524288, 64, 128, 256, 512]",524288.0,11,38,1,True,2097216.0,2097216.0,2097216.0,2097152.0,2097152.0,2097152.0,1139024.0,1139024.0,1139024.0,64.0,64.0,64.0,1139088.0,1139088.0,1139088.0,1140758.5,1140758.5,1140758.5,1140716.0,1140716.0,1140716.0,1074798.0,1074798.0,1074798.0,65962.0,65962.0,65962.0,8475840.0,8475840.0,8475840.0,4096.0,4096.0,4096.0,8479936.0,8479936.0,8479936.0,667805.5,667805.5,667805.5,12.698499967702036,12.698499967702036,12.698499967702036,94.21786910022993,94.21786910022993,94.21786910022993
gesummv,random_layout_candidate_45aa5aeb51a4,mapping_cf52479ef2c0,64,linear_inner,"[64, 32]",linear,"[1925, 556, 517, 895, 1805, 1551, 1584, 729, 1248, 671, 185]","[30725, 8236, 8197, 13375, 28685, 24591, 24624, 11289, 19488, 10271, 2105, 32768, 65536, 131072, 262144, 524288, 64, 128, 256, 512]",524288.0,13,49,1,True,2097216.0,2097216.0,2097216.0,2097152.0,2097152.0,2097152.0,1140020.0,1140020.0,1140020.0,64.0,64.0,64.0,1140084.0,1140084.0,1140084.0,1141773.5,1141773.5,1141773.5,1141675.0,1141675.0,1141675.0,1075794.5,1075794.5,1075794.5,65972.0,65972.0,65972.0,8475904.0,8475904.0,8475904.0,4096.0,4096.0,4096.0,8480000.0,8480000.0,8480000.0,715466.0,715466.0,715466.0,11.85545636301729,11.85545636301729,11.85545636301729,94.22187498924816,94.22187498924816,94.22187498924816
gesummv,random_layout_candidate_dee024991599,mapping_f50d4db30a93,65,linear_inner,"[64, 4]",linear,"[225, 210, 9, 149, 119, 90, 212, 145]","[3105, 3090, 9, 2069, 1079, 1050, 3092, 2065, 4096, 8192, 16384, 32768, 65536, 131072, 262144, 524288, 64, 128, 256, 512]",262144.0,10,23,1,True,2097216.0,2097216.0,2097216.0,2097152.0,2097152.0,2097152.0,1106064.0,1106064.0,1106064.0,64.0,64.0,64.0,1106128.0,1106128.0,1106128.0,1107783.5,1107783.5,1107783.5,1107737.5,1107737.5,1107737.5,1041819.0,1041819.0,1041819.0,65962.0,65962.0,65962.0,8475136.0,8475136.0,8475136.0,4096.0,4096.0,4096.0,8479232.0,8479232.0,8479232.0,634305.5,634305.5,634305.5,13.36764084129703,13.36764084129703,13.36764084129703,94.0456056874784,94.0456056874784,94.0456056874784
gesummv,random_layout_candidate_3f30134c822e,mapping_7b49eb8dfddb,66,linear_inner,"[64, 2]",linear,"[107, 108, 122, 120, 3, 40, 50]","[1067, 1068, 1082, 1080, 3, 40, 50, 2048, 4096, 8192, 16384, 32768, 65536, 131072, 262144, 524288, 64, 128, 256, 512]",131072.0,9,18,1,True,1572928.0,1572928.0,1572928.0,2097152.0,2097152.0,2097152.0,1089587.0,1089587.0,1089587.0,64.0,64.0,64.0,1089651.0,1089651.0,1089651.0,1091294.5,1091294.5,1091294.5,1091231.0,1091231.0,1091231.0,1025338.5,1025338.5,1025338.5,65956.0,65956.0,65956.0,8474432.0,8474432.0,8474432.0,4096.0,4096.0,4096.0,8478528.0,8478528.0,8478528.0,601665.0,601665.0,601665.0,14.091775431793119,14.091775431793119,14.091775431793119,93.95619223301571,93.95619223301571,93.95619223301571
gesummv,random_layout_candidate_a24e72b2fbbc,mapping_994548e47c19,67,linear_inner,"[64, 2]",linear,"[89, 80, 49, 121, 23, 44, 102]","[1049, 1040, 49, 1081, 23, 44, 1062, 2048, 4096, 8192, 16384, 32768, 65536, 131072, 262144, 524288, 64, 128, 256, 512]",131072.0,9,18,1,True,2097216.0,2097216.0,2097216.0,2097152.0,2097152.0,2097152.0,1089587.0,1089587.0,1089587.0,64.0,64.0,64.0,1089651.0,1089651.0,1089651.0,1091291.0,1091291.0,1091291.0,1091232.0,1091232.0,1091232.0,1025333.5,1025333.5,1025333.5,65956.0,65956.0,65956.0,8474432.0,8474432.0,8474432.0,4096.0,4096.0,4096.0,8478528.0,8478528.0,8478528.0,601145.5,601145.5,601145.5,14.103740303149854,14.103740303149854,14.103740303149854,93.95620054032224,93.95620054032224,93.95620054032224
gesummv,random_layout_candidate_b3f9b0610007,mapping_a922f086b8ec,68,linear_inner,"[64, 16]",linear,"[931, 158, 774, 921, 459, 565, 156, 39, 647, 599]","[14371, 2078, 12294, 14361, 7179, 8245, 2076, 39, 10247, 9239, 16384, 32768, 65536, 131072, 262144, 524288, 64, 128, 256, 512]",524288.0,12,41,1,True,2097216.0,2097216.0,2097216.0,2097152.0,2097152.0,2097152.0,1204944.0,1204944.0,1204944.0,64.0,64.0,64.0,1205008.0,1205008.0,1205008.0,1206684.5,1206684.5,1206684.5,1206623.0,1206623.0,1206623.0,1140718.0,1140718.0,1140718.0,65960.0,65960.0,65960.0,8475776.0,8475776.0,8475776.0,4096.0,4096.0,4096.0,8479872.0,8479872.0,8479872.0,663465.5,663465.5,663465.5,12.781662818233237,12.781662818233237,12.781662818233237,94.53379216908661,94.53379216908661,94.53379216908661
gesummv,random_layout_candidate_5ed4e890a18c,mapping_7c1e67a7c0f3,69,linear_inner,"[64, 2]",linear,"[30, 103, 58, 66, 20, 90, 42]","[30, 1063, 58, 1026, 20, 1050, 42, 2048, 4096, 8192, 16384, 32768, 65536, 131072, 262144, 524288, 64, 128, 256, 512]",131072.0,9,17,1,True,1572928.0,1572928.0,1572928.0,2097152.0,2097152.0,2097152.0,1089596.0,1089596.0,1089596.0,64.0,64.0,64.0,1089660.0,1089660.0,1089660.0,1091299.0,1091299.0,1091299.0,1091238.0,1091238.0,1091238.0,1025341.5,1025341.5,1025341.5,65956.0,65956.0,65956.0,8474496.0,8474496.0,8474496.0,4096.0,4096.0,4096.0,8478592.0,8478592.0,8478592.0,580505.0,580505.0,580505.0,14.60463497478229,14.60463497478229,14.60463497478229,93.95611041672012,93.95611041672012,93.95611041672012
gesummv,random_layout_candidate_b15a8d28549c,mapping_483bbd0b2d41,70,linear_inner,"[64, 32]",linear,"[1664, 1586, 163, 212, 875, 1244, 721, 1167, 924, 687, 1707]","[26624, 24626, 2083, 3092, 13355, 19484, 11281, 18447, 14364, 10287, 26667, 32768, 65536, 131072, 262144, 524288, 64, 128, 256, 512]",524288.0,13,49,1,True,2097216.0,2097216.0,2097216.0,2097152.0,2097152.0,2097152.0,1205640.0,1205640.0,1205640.0,64.0,64.0,64.0,1205704.0,1205704.0,1205704.0,1207367.0,1207367.0,1207367.0,1207334.0,1207334.0,1207334.0,1141402.0,1141402.0,1141402.0,65961.0,65961.0,65961.0,8475712.0,8475712.0,8475712.0,4096.0,4096.0,4096.0,8479808.0,8479808.0,8479808.0,711586.0,711586.0,711586.0,11.91731147731998,11.91731147731998,11.91731147731998,94.53679093617504,94.53679093617504,94.53679093617504
gesummv,random_layout_candidate_4ce6f3189d7e,mapping_20e686851324,71,linear_inner,"[64, 8]",linear,"[98, 22, 211, 330, 31, 357, 159, 407, 199]","[1058, 22, 3091, 5130, 31, 5157, 2079, 6167, 3079, 8192, 16384, 32768, 65536, 131072, 262144, 524288, 64, 128, 256, 512]",262144.0,11,33,1,True,2097216.0,2097216.0,2097216.0,2097152.0,2097152.0,2097152.0,1139018.0,1139018.0,1139018.0,64.0,64.0,64.0,1139082.0,1139082.0,1139082.0,1140785.0,1140785.0,1140785.0,1140710.0,1140710.0,1140710.0,1074810.0,1074810.0,1074810.0,65975.0,65975.0,65975.0,8475904.0,8475904.0,8475904.0,4096.0,4096.0,4096.0,8480000.0,8480000.0,8480000.0,626424.5,626424.5,626424.5,13.536737495834071,13.536737495834071,13.536737495834071,94.21670746490315,94.21670746490315,94.21670746490315
gesummv,random_layout_candidate_67228b7f0e90,mapping_80adb2d8af63,72,linear_inner,"[64, 1]",linear,"[58, 53, 59, 4, 26, 3]","[58, 53, 59, 4, 26, 3, 1024, 2048, 4096, 8192, 16384, 32768, 65536, 131072, 262144, 524288, 64, 128, 256, 512]",65536.0,8,13,1,True,1310784.0,1310784.0,1310784.0,2097152.0,2097152.0,2097152.0,574400.0,574400.0,574400.0,64.0,64.0,64.0,574464.0,574464.0,574464.0,576215.0,576215.0,576215.0,576047.5,576047.5,576047.5,510258.0,510258.0,510258.0,65957.5,65957.5,65957.5,8473792.0,8473792.0,8473792.0,4096.0,4096.0,4096.0,8477888.0,8477888.0,8477888.0,560525.0,560525.0,560525.0,15.124989533416262,15.124989533416262,15.124989533416262,88.5529273867115,88.5529273867115,88.5529273867115
gesummv,random_layout_candidate_c8ebb2a3395b,mapping_b370a8196abe,73,linear_inner,"[64, 8]",linear,"[97, 486, 198, 32, 183, 49, 63, 13, 179]","[1057, 7206, 3078, 32, 2103, 49, 63, 13, 2099, 8192, 16384, 32768, 65536, 131072, 262144, 524288, 64, 128, 256, 512]",524288.0,11,28,1,True,1572928.0,1572928.0,1572928.0,2097152.0,2097152.0,2097152.0,1139030.0,1139030.0,1139030.0,64.0,64.0,64.0,1139094.0,1139094.0,1139094.0,1140758.0,1140758.0,1140758.0,1140676.5,1140676.5,1140676.5,1074788.0,1074788.0,1074788.0,65963.0,65963.0,65963.0,8475392.0,8475392.0,8475392.0,4096.0,4096.0,4096.0,8479488.0,8479488.0,8479488.0,580765.0,580765.0,580765.0,14.599998339801513,14.599998339801513,14.599998339801513,94.21758912888939,94.21758912888939,94.21758912888939
gesummv,random_layout_candidate_f2b8967e2b3b,mapping_ff44509783d7,74,linear_inner,"[64, 1]",linear,"[54, 59, 16, 1, 41, 33]","[54, 59, 16, 1, 41, 33, 1024, 2048, 4096, 8192, 16384, 32768, 65536, 131072, 262144, 524288, 64, 128, 256, 512]",65536.0,8,10,1,True,1310784.0,1310784.0,1310784.0,2097152.0,2097152.0,2097152.0,574368.0,574368.0,574368.0,64.0,64.0,64.0,574432.0,574432.0,574432.0,576135.0,576135.0,576135.0,576075.0,576075.0,576075.0,510185.5,510185.5,510185.5,65954.0,65954.0,65954.0,8473792.0,8473792.0,8473792.0,4096.0,4096.0,4096.0,8477888.0,8477888.0,8477888.0,560425.0,560425.0,560425.0,15.128404533852276,15.128404533852276,15.128404533852276,88.55314780642578,88.55314780642578,88.55314780642578
gesummv,random_layout_candidate_41441f0f3f8a,mapping_c0ed4e858b30,75,linear_inner,"[64, 1]",linear,"[53, 52, 5, 21, 22, 61]","[53, 52, 5, 21, 22, 61, 1024, 2048, 4096, 8192, 16384, 32768, 65536, 131072, 262144, 524288, 64, 128, 256, 512]",65536.0,8,14,1,True,1572928.0,1572928.0,1572928.0,2097152.0,2097152.0,2097152.0,574272.0,574272.0,574272.0,64.0,64.0,64.0,574336.0,574336.0,574336.0,576077.5,576077.5,576077.5,576022.5,576022.5,576022.5,510123.0,510123.0,510123.0,65950.0,65950.0,65950.0,8473920.0,8473920.0,8473920.0,4096.0,4096.0,4096.0,8478016.0,8478016.0,8478016.0,561705.0,561705.0,561705.0,15.09427201566378,15.09427201566378,15.09427201566378,88.55115712211281,88.55115712211281,88.55115712211281
gesummv,random_layout_candidate_7fcc7761b0bb,mapping_6bb82083ab91,76,linear_inner,"[64, 1]",linear,"[56, 40, 43, 25, 2, 14]","[56, 40, 43, 25, 2, 14, 1024, 2048, 4096, 8192, 16384, 32768, 65536, 131072, 262144, 524288, 64, 128, 256, 512]",65536.0,8,10,1,True,1572928.0,1572928.0,1572928.0,2097152.0,2097152.0,2097152.0,574496.0,574496.0,574496.0,64.0,64.0,64.0,574560.0,574560.0,574560.0,576084.5,576084.5,576084.5,576078.0,576078.0,576078.0,510121.0,510121.0,510121.0,65963.5,65963.5,65963.5,8472960.0,8472960.0,8472960.0,4096.0,4096.0,4096.0,8477056.0,8477056.0,8477056.0,572865.0,572865.0,572865.0,14.79825470141676,14.79825470141676,14.79825470141676,88.54969182489677,88.54969182489677,88.54969182489677
gesummv,random_layout_candidate_75768abd50d4,mapping_6449ea9e94b4,77,linear_inner,"[64, 2]",linear,"[48, 100, 3, 53, 55, 72, 116]","[48, 1060, 3, 53, 55, 1032, 1076, 2048, 4096, 8192, 16384, 32768, 65536, 131072, 262144, 524288, 64, 128, 256, 512]",131072.0,9,15,1,True,2097216.0,2097216.0,2097216.0,2097152.0,2097152.0,2097152.0,1089587.0,1089587.0,1089587.0,64.0,64.0,64.0,1089651.0,1089651.0,1089651.0,1091291.5,1091291.5,1091291.5,1091235.0,1091235.0,1091235.0,1025335.0,1025335.0,1025335.0,65956.5,65956.5,65956.5,8474304.0,8474304.0,8474304.0,4096.0,4096.0,4096.0,8478400.0,8478400.0,8478400.0,588845.0,588845.0,588845.0,14.398139349309206,14.398139349309206,14.398139349309206,93.95609934038922,93.95609934038922,93.95609934038922
gesummv,random_layout_candidate_261778b997c6,mapping_e894790d2665,78,linear_inner,"[64, 32]",linear,"[1252, 1596, 971, 1795, 485, 565, 82, 1251, 658, 1776, 1634]","[19492, 24636, 15371, 28675, 7205, 8245, 1042, 19491, 10258, 27696, 25634, 32768, 65536, 131072, 262144, 524288, 64, 128, 256, 512]",524288.0,13,47,1,True,1572928.0,1572928.0,1572928.0,2097152.0,2097152.0,2097152.0,1139720.0,1139720.0,1139720.0,64.0,64.0,64.0,1139784.0,1139784.0,1139784.0,1141477.0,1141477.0,1141477.0,1141431.0,1141431.0,1141431.0,1075518.0,1075518.0,1075518.0,65961.0,65961.0,65961.0,8475968.0,8475968.0,8475968.0,4096.0,4096.0,4096.0,8480064.0,8480064.0,8480064.0,711106.5,711106.5,711106.5,11.924750343048728,11.924750343048728,11.924750343048728,94.22147212677658,94.22147212677658,94.22147212677658
gesummv,random_layout_candidate_4edec6d35b47,mapping_8d3f5f952603,79,linear_inner,"[64, 8]",linear,"[200, 13, 393, 215, 374, 445, 499, 201, 221]","[3080, 13, 6153, 3095, 5174, 6205, 7219, 3081, 3101, 8192, 16384, 32768, 65536, 131072, 262144, 524288, 64, 128, 256, 512]",524288.0,11,37,1,True,2097216.0,2097216.0,2097216.0,2097152.0,2097152.0,2097152.0,1139036.0,1139036.0,1139036.0,64.0,64.0,64.0,1139100.0,1139100.0,1139100.0,1140772.0,1140772.0,1140772.0,1140708.0,1140708.0,1140708.0,1074810.5,1074810.5,1074810.5,65962.0,65962.0,65962.0,8475904.0,8475904.0,8475904.0,4096.0,4096.0,4096.0,8480000.0,8480000.0,8480000.0,657505.5,657505.5,657505.5,12.896841272721382,12.896841272721382,12.896841272721382,94.21772285411735,94.21772285411735,94.21772285411735
gesummv,random_layout_candidate_6d6d5af10ef2,mapping_ab34b506eede,80,linear_inner,"[64, 1]",linear,"[49, 30, 40, 33, 48, 3]","[49, 30, 40, 33, 48, 3, 1024, 2048, 4096, 8192, 16384, 32768, 65536, 131072, 262144, 524288, 64, 128, 256, 512]",65536.0,8,9,1,True,1310784.0,1310784.0,1310784.0,2097152.0,2097152.0,2097152.0,574464.0,574464.0,574464.0,64.0,64.0,64.0,574528.0,574528.0,574528.0,576084.0,576084.0,576084.0,575946.5,575946.5,575946.5,510122.0,510122.0,510122.0,65963.0,65963.0,65963.0,8474368.0,8474368.0,8474368.0,4096.0,4096.0,4096.0,8478464.0,8478464.0,8478464.0,547265.0,547265.0,547265.0,15.492545683832365,15.492545683832365,15.492545683832365,88.54993369079386,88.54993369079386,88.54993369079386
gesummv,random_layout_candidate_064a1dd36843,mapping_1efc8c56b0cb,81,linear_inner,"[64, 2]",linear,"[115, 112, 79, 94, 36, 91, 101]","[1075, 1072, 1039, 1054, 36, 1051, 1061, 2048, 4096, 8192, 16384, 32768, 65536, 131072, 262144, 524288, 64, 128, 256, 512]",131072.0,9,22,1,True,2097216.0,2097216.0,2097216.0,2097152.0,2097152.0,2097152.0,1089588.5,1089588.5,1089588.5,64.0,64.0,64.0,1089652.5,1089652.5,1089652.5,1091323.5,1091323.5,1091323.5,1091246.5,1091246.5,1091246.5,1025349.0,1025349.0,1025349.0,65975.0,65975.0,65975.0,8476736.0,8476736.0,8476736.0,4096.0,4096.0,4096.0,8480832.0,8480832.0,8480832.0,646385.5,646385.5,646385.5,13.120901617879834,13.120901617879834,13.120901617879834,93.95463121368468,93.95463121368468,93.95463121368468
gesummv,random_layout_candidate_145f7bdd6f62,mapping_e1c2c1ba2105,82,linear_inner,"[64, 4]",linear,"[175, 30, 205, 246, 234, 218, 214, 104]","[2095, 30, 3085, 3126, 3114, 3098, 3094, 1064, 4096, 8192, 16384, 32768, 65536, 131072, 262144, 524288, 64, 128, 256, 512]",262144.0,10,31,1,True,2097216.0,2097216.0,2097216.0,2097152.0,2097152.0,2097152.0,1106064.0,1106064.0,1106064.0,64.0,64.0,64.0,1106128.0,1106128.0,1106128.0,1107798.5,1107798.5,1107798.5,1107746.5,1107746.5,1107746.5,1041832.5,1041832.5,1041832.5,65962.0,65962.0,65962.0,8476032.0,8476032.0,8476032.0,4096.0,4096.0,4096.0,8480128.0,8480128.0,8480128.0,633226.0,633226.0,633226.0,13.392251922186647,13.392251922186647,13.392251922186647,94.04564007264429,94.04564007264429,94.04564007264429
gesummv,random_layout_candidate_5581a98107d1,mapping_6b62fd2845ca,83,linear_inner,"[64, 64]",linear,"[2799, 3986, 630, 604, 20, 2389, 2439, 2597, 2885, 4018, 3831, 3610]","[44079, 63506, 9270, 9244, 20, 37909, 38919, 40997, 46085, 63538, 60471, 57370, 65536, 131072, 262144, 524288, 64, 128, 256, 512]",1048576.0,14,64,1,True,2097216.0,2097216.0,2097216.0,2097152.0,2097152.0,2097152.0,1211912.0,1211912.0,1211912.0,64.0,64.0,64.0,1211976.0,1211976.0,1211976.0,1213611.5,1213611.5,1213611.5,1213525.0,1213525.0,1213525.0,1147638.5,1147638.5,1147638.5,65972.5,65972.5,65972.5,8475776.0,8475776.0,8475776.0,4096.0,4096.0,4096.0,8479872.0,8479872.0,8479872.0,705106.5,705106.5,705106.5,12.026643066885509,12.026643066885509,12.026643066885509,94.56390849543689,94.56390849543689,94.56390849543689
gesummv,random_layout_candidate_c2a30fa39289,mapping_846e67cff4f3,84,linear_inner,"[64, 16]",linear,"[109, 713, 797, 662, 714, 209, 610, 659, 617, 1005]","[1069, 11273, 12317, 10262, 11274, 3089, 9250, 10259, 9257, 15405, 16384, 32768, 65536, 131072, 262144, 524288, 64, 128, 256, 512]",1048576.0,12,42,1,True,2097216.0,2097216.0,2097216.0,2097152.0,2097152.0,2097152.0,1204944.0,1204944.0,1204944.0,64.0,64.0,64.0,1205008.0,1205008.0,1205008.0,1206708.5,1206708.5,1206708.5,1206603.5,1206603.5,1206603.5,1140743.0,1140743.0,1140743.0,65973.0,65973.0,65973.0,8475776.0,8475776.0,8475776.0,4096.0,4096.0,4096.0,8479872.0,8479872.0,8479872.0,692086.0,692086.0,692086.0,12.25244275784723,12.25244275784723,12.25244275784723,94.53276948944948,94.53276948944948,94.53276948944948
gesummv,random_layout_candidate_ee90d8f569f9,mapping_b73a4d40477a,85,linear_inner,"[64, 16]",linear,"[113, 273, 705, 749, 629, 172, 384, 87, 812, 36]","[1073, 4113, 11265, 11309, 9269, 2092, 6144, 1047, 12332, 36, 16384, 32768, 65536, 131072, 262144, 524288, 64, 128, 256, 512]",262144.0,12,32,1,True,2097216.0,2097216.0,2097216.0,2097152.0,2097152.0,2097152.0,599184.0,599184.0,599184.0,64.0,64.0,64.0,599248.0,599248.0,599248.0,601026.5,601026.5,601026.5,600843.5,600843.5,600843.5,535064.5,535064.5,535064.5,65961.0,65961.0,65961.0,8475840.0,8475840.0,8475840.0,4096.0,4096.0,4096.0,8479936.0,8479936.0,8479936.0,654466.0,654466.0,654466.0,12.956543713937005,12.956543713937005,12.956543713937005,89.02520385421883,89.02520385421883,89.02520385421883
gesummv,random_layout_candidate_fc0d71e55b34,mapping_05cf118bc8d0,86,linear_inner,"[64, 1]",linear,"[56, 10, 1, 52, 41, 54]","[56, 10, 1, 52, 41, 54, 1024, 2048, 4096, 8192, 16384, 32768, 65536, 131072, 262144, 524288, 64, 128, 256, 512]",65536.0,8,10,1,True,1572928.0,1572928.0,1572928.0,2097152.0,2097152.0,2097152.0,574432.0,574432.0,574432.0,64.0,64.0,64.0,574496.0,574496.0,574496.0,576077.0,576077.0,576077.0,576106.0,576106.0,576106.0,510123.0,510123.0,510123.0,65950.0,65950.0,65950.0,8472896.0,8472896.0,8472896.0,4096.0,4096.0,4096.0,8476992.0,8476992.0,8476992.0,551585.0,551585.0,551585.0,15.370280159842146,15.370280159842146,15.370280159842146,88.55118326242444,88.55118326242444,88.55118326242444
gesummv,random_layout_candidate_6f365a1923fe,mapping_e6298e800a26,87,linear_inner,"[64, 2]",linear,"[56, 90, 87, 51, 33, 2, 75]","[56, 1050, 1047, 51, 33, 2, 1035, 2048, 4096, 8192, 16384, 32768, 65536, 131072, 262144, 524288, 64, 128, 256, 512]",131072.0,9,16,1,True,1572928.0,1572928.0,1572928.0,2097152.0,2097152.0,2097152.0,1089588.5,1089588.5,1089588.5,64.0,64.0,64.0,1089652.5,1089652.5,1089652.5,1091295.0,1091295.0,1091295.0,1091229.5,1091229.5,1091229.5,1025339.5,1025339.5,1025339.5,65955.0,65955.0,65955.0,8474368.0,8474368.0,8474368.0,4096.0,4096.0,4096.0,8478464.0,8478464.0,8478464.0,577025.0,577025.0,577025.0,14.695404945096893,14.695404945096893,14.695404945096893,93.95625038362869,93.95625038362869,93.95625038362869
gesummv,random_layout_candidate_817fd5be1569,mapping_8f0ea8b786d0,88,linear_inner,"[64, 2]",linear,"[117, 49, 21, 113, 56, 72, 6]","[1077, 49, 21, 1073, 56, 1032, 6, 2048, 4096, 8192, 16384, 32768, 65536, 131072, 262144, 524288, 64, 128, 256, 512]",131072.0,9,15,1,True,2097216.0,2097216.0,2097216.0,2097152.0,2097152.0,2097152.0,1089588.5,1089588.5,1089588.5,64.0,64.0,64.0,1089652.5,1089652.5,1089652.5,1091282.5,1091282.5,1091282.5,1091227.5,1091227.5,1091227.5,1025325.5,1025325.5,1025325.5,65956.0,65956.0,65956.0,8475392.0,8475392.0,8475392.0,4096.0,4096.0,4096.0,8479488.0,8479488.0,8479488.0,587505.0,587505.0,587505.0,14.43413973380478,14.43413973380478,14.43413973380478,93.95610236182364,93.95610236182364,93.95610236182364
gesummv,random_layout_candidate_edcec0c62748,mapping_fe988c856821,89,linear_inner,"[64, 8]",linear,"[186, 81, 154, 436, 311, 425, 469, 73, 233]","[2106, 1041, 2074, 6196, 4151, 6185, 7189, 1033, 3113, 8192, 16384, 32768, 65536, 131072, 262144, 524288, 64, 128, 256, 512]",262144.0,11,33,1,True,2097216.0,2097216.0,2097216.0,2097152.0,2097152.0,2097152.0,1106211.0,1106211.0,1106211.0,64.0,64.0,64.0,1106275.0,1106275.0,1106275.0,1107940.0,1107940.0,1107940.0,1107882.0,1107882.0,1107882.0,1041985.5,1041985.5,1041985.5,65961.0,65961.0,65961.0,8475776.0,8475776.0,8475776.0,4096.0,4096.0,4096.0,8479872.0,8479872.0,8479872.0,679866.0,679866.0,679866.0,12.473046169890143,12.473046169890143,12.473046169890143,94.04656389276175,94.04656389276175,94.04656389276175
gesummv,random_layout_candidate_88fa3d44128e,mapping_bae0fc369512,90,linear_inner,"[64, 1]",linear,"[38, 31, 45, 44, 6, 59]","[38, 31, 45, 44, 6, 59, 1024, 2048, 4096, 8192, 16384, 32768, 65536, 131072, 262144, 524288, 64, 128, 256, 512]",65536.0,8,16,1,True,1572928.0,1572928.0,1572928.0,2097152.0,2097152.0,2097152.0,574464.0,574464.0,574464.0,64.0,64.0,64.0,574528.0,574528.0,574528.0,576216.5,576216.5,576216.5,576133.0,576133.0,576133.0,510260.0,510260.0,510260.0,65957.5,65957.5,65957.5,8474752.0,8474752.0,8474752.0,4096.0,4096.0,4096.0,8478848.0,8478848.0,8478848.0,544044.5,544044.5,544044.5,15.584960495049565,15.584960495049565,15.584960495049565,88.55337736740844,88.55337736740844,88.55337736740844
gesummv,random_layout_candidate_8653f6822f2e,mapping_eec0dcff0dcd,91,linear_inner,"[64, 8]",linear,"[123, 116, 254, 429, 503, 159, 140, 115, 4]","[1083, 1076, 3134, 6189, 7223, 2079, 2060, 1075, 4, 8192, 16384, 32768, 65536, 131072, 262144, 524288, 64, 128, 256, 512]",262144.0,11,37,1,True,2097216.0,2097216.0,2097216.0,2097152.0,2097152.0,2097152.0,1139030.0,1139030.0,1139030.0,64.0,64.0,64.0,1139094.0,1139094.0,1139094.0,1140768.0,1140768.0,1140768.0,1140705.0,1140705.0,1140705.0,1074799.0,1074799.0,1074799.0,65961.5,65961.5,65961.5,8477568.0,8477568.0,8477568.0,4096.0,4096.0,4096.0,8481664.0,8481664.0,8481664.0,648365.5,648365.5,648365.5,13.084472882896279,13.084472882896279,13.084472882896279,94.21781916105935,94.21781916105935,94.21781916105935
gesummv,random_layout_candidate_80deb58c6110,mapping_3d7f3a6df7c6,92,linear_inner,"[64, 8]",linear,"[74, 118, 147, 479, 102, 380, 397, 246, 337]","[1034, 1078, 2067, 7199, 1062, 5180, 6157, 3126, 5137, 8192, 16384, 32768, 65536, 131072, 262144, 524288, 64, 128, 256, 512]",524288.0,11,36,1,True,2097216.0,2097216.0,2097216.0,2097152.0,2097152.0,2097152.0,1139012.0,1139012.0,1139012.0,64.0,64.0,64.0,1139076.0,1139076.0,1139076.0,1140760.0,1140760.0,1140760.0,1140693.0,1140693.0,1140693.0,1074798.0,1074798.0,1074798.0,65961.0,65961.0,65961.0,8475840.0,8475840.0,8475840.0,4096.0,4096.0,4096.0,8479936.0,8479936.0,8479936.0,667926.0,667926.0,667926.0,12.694582025103363,12.694582025103363,12.694582025103363,94.21777250046131,94.21777250046131,94.21777250046131
gesummv,random_layout_candidate_25e5c67af5ae,mapping_edccf2611852,93,linear_inner,"[64, 64]",linear,"[1641, 3142, 3138, 2926, 4067, 1159, 3549, 431, 1964, 3701, 1193, 494]","[25641, 50182, 50178, 46126, 64547, 18439, 56349, 6191, 30764, 58421, 18473, 7214, 65536, 131072, 262144, 524288, 64, 128, 256, 512]",1048576.0,14,68,1,True,2097216.0,2097216.0,2097216.0,2097152.0,2097152.0,2097152.0,1213176.0,1213176.0,1213176.0,64.0,64.0,64.0,1213240.0,1213240.0,1213240.0,1214874.5,1214874.5,1214874.5,1214793.5,1214793.5,1214793.5,1148918.5,1148918.5,1148918.5,65960.5,65960.5,65960.5,8475776.0,8475776.0,8475776.0,4096.0,4096.0,4096.0,8479872.0,8479872.0,8479872.0,726446.0,726446.0,726446.0,11.67203615460973,11.67203615460973,11.67203615460973,94.57049162564243,94.57049162564243,94.57049162564243
gesummv,random_layout_candidate_83aa086d5372,mapping_8dc333fe75b2,94,linear_inner,"[64, 8]",linear,"[236, 501, 479, 500, 511, 289, 424, 316, 112]","[3116, 7221, 7199, 7220, 7231, 4129, 6184, 4156, 1072, 8192, 16384, 32768, 65536, 131072, 262144, 524288, 64, 128, 256, 512]",524288.0,11,41,1,True,2097216.0,2097216.0,2097216.0,2097152.0,2097152.0,2097152.0,1139024.0,1139024.0,1139024.0,64.0,64.0,64.0,1139088.0,1139088.0,1139088.0,1140769.0,1140769.0,1140769.0,1140708.5,1140708.5,1140708.5,1074798.0,1074798.0,1074798.0,65972.5,65972.5,65972.5,8476032.0,8476032.0,8476032.0,4096.0,4096.0,4096.0,8480128.0,8480128.0,8480128.0,665726.0,665726.0,665726.0,12.738358743533787,12.738358743533787,12.738358743533787,94.21689186706641,94.21689186706641,94.21689186706641
gesummv,random_layout_candidate_039c51911481,mapping_6e6392876cad,95,linear_inner,"[64, 32]",linear,"[404, 1736, 3, 1065, 1836, 1272, 1732, 850, 136, 1099, 362]","[6164, 27656, 3, 16425, 28716, 19512, 27652, 13330, 2056, 17419, 5162, 32768, 65536, 131072, 262144, 524288, 64, 128, 256, 512]",1048576.0,13,38,1,True,2097216.0,2097216.0,2097216.0,2097152.0,2097152.0,2097152.0,1205664.0,1205664.0,1205664.0,64.0,64.0,64.0,1205728.0,1205728.0,1205728.0,1207411.0,1207411.0,1207411.0,1207310.5,1207310.5,1207310.5,1141439.0,1141439.0,1141439.0,65972.0,65972.0,65972.0,8475904.0,8475904.0,8475904.0,4096.0,4096.0,4096.0,8480000.0,8480000.0,8480000.0,689646.0,689646.0,689646.0,12.296720409278048,12.296720409278048,12.296720409278048,94.53597510318596,94.53597510318596,94.53597510318596
gesummv,random_layout_candidate_93933d1006c2,mapping_a4f614dc8a2e,96,linear_inner,"[64, 2]",linear,"[25, 53, 65, 64, 15, 71, 13]","[25, 53, 1025, 1024, 15, 1031, 13, 2048, 4096, 8192, 16384, 32768, 65536, 131072, 262144, 524288, 64, 128, 256, 512]",131072.0,9,14,1,True,2097216.0,2097216.0,2097216.0,2097152.0,2097152.0,2097152.0,1089587.0,1089587.0,1089587.0,64.0,64.0,64.0,1089651.0,1089651.0,1089651.0,1091289.5,1091289.5,1091289.5,1091218.0,1091218.0,1091218.0,1025321.0,1025321.0,1025321.0,65967.0,65967.0,65967.0,8475328.0,8475328.0,8475328.0,4096.0,4096.0,4096.0,8479424.0,8479424.0,8479424.0,567825.0,567825.0,567825.0,14.932832520854511,14.932832520854511,14.932832520854511,93.95513716902744,93.95513716902744,93.95513716902744
gesummv,random_layout_candidate_627b1ed51145,mapping_0db10dd3f265,97,linear_inner,"[64, 32]",linear,"[518, 977, 972, 288, 467, 902, 580, 737, 1337, 995, 1227]","[8198, 15377, 15372, 4128, 7187, 14342, 9220, 11297, 20537, 15395, 19467, 32768, 65536, 131072, 262144, 524288, 64, 128, 256, 512]",524288.0,13,44,1,True,2097216.0,2097216.0,2097216.0,2097152.0,2097152.0,2097152.0,1205676.0,1205676.0,1205676.0,64.0,64.0,64.0,1205740.0,1205740.0,1205740.0,1207439.0,1207439.0,1207439.0,1207336.5,1207336.5,1207336.5,1141463.0,1141463.0,1141463.0,65972.5,65972.5,65972.5,8477504.0,8477504.0,8477504.0,4096.0,4096.0,4096.0,8481600.0,8481600.0,8481600.0,709626.0,709626.0,709626.0,11.952484928326149,11.952484928326149,11.952484928326149,94.53618168777756,94.53618168777756,94.53618168777756
gesummv,random_layout_candidate_c4d553ee375b,mapping_9e6886580ed5,98,linear_inner,"[64, 2]",linear,"[19, 43, 4, 42, 111, 79, 103]","[19, 43, 4, 42, 1071, 1039, 1063, 2048, 4096, 8192, 16384, 32768, 65536, 131072, 262144, 524288, 64, 128, 256, 512]",131072.0,9,20,1,True,2097216.0,2097216.0,2097216.0,2097152.0,2097152.0,2097152.0,1089590.0,1089590.0,1089590.0,64.0,64.0,64.0,1089654.0,1089654.0,1089654.0,1091292.0,1091292.0,1091292.0,1091234.5,1091234.5,1091234.5,1025335.0,1025335.0,1025335.0,65957.0,65957.0,65957.0,8474688.0,8474688.0,8474688.0,4096.0,4096.0,4096.0,8478784.0,8478784.0,8478784.0,579105.0,579105.0,579105.0,14.640523044428171,14.640523044428171,14.640523044428171,93.95611142219971,93.95611142219971,93.95611142219971
gesummv,random_layout_candidate_06577b80722e,mapping_aa090d406588,99,linear_inner,"[64, 2]",linear,"[19, 81, 88, 79, 63, 115, 84]","[19, 1041, 1048, 1039, 63, 1075, 1044, 2048, 4096, 8192, 16384, 32768, 65536, 131072, 262144, 524288, 64, 128, 256, 512]",131072.0,9,21,1,True,1572928.0,1572928.0,1572928.0,2097152.0,2097152.0,2097152.0,1089588.5,1089588.5,1089588.5,64.0,64.0,64.0,1089652.5,1089652.5,1089652.5,1091295.5,1091295.5,1091295.5,1091239.5,1091239.5,1091239.5,1025338.0,1025338.0,1025338.0,65957.0,65957.0,65957.0,8474432.0,8474432.0,8474432.0,4096.0,4096.0,4096.0,8478528.0,8478528.0,8478528.0,622225.0,622225.0,622225.0,13.625941990256493,13.625941990256493,13.625941990256493,93.9560464734366,93.9560464734366,93.9560464734366
gesummv,random_layout_candidate_302a02f5c72a,mapping_0b202a915958,100,linear_inner,"[64, 16]",linear,"[528, 435, 946, 661, 649, 1012, 293, 906, 699, 346]","[8208, 6195, 14386, 10261, 10249, 15412, 4133, 14346, 10299, 5146, 16384, 32768, 65536, 131072, 262144, 524288, 64, 128, 256, 512]",1048576.0,12,41,1,True,2097216.0,2097216.0,2097216.0,2097152.0,2097152.0,2097152.0,1204932.0,1204932.0,1204932.0,64.0,64.0,64.0,1204996.0,1204996.0,1204996.0,1206670.5,1206670.5,1206670.5,1206627.5,1206627.5,1206627.5,1140718.0,1140718.0,1140718.0,65961.0,65961.0,65961.0,8477312.0,8477312.0,8477312.0,4096.0,4096.0,4096.0,8481408.0,8481408.0,8481408.0,686046.0,686046.0,686046.0,12.362552990370922,12.362552990370922,12.362552990370922,94.53359631310067,94.53359631310067,94.53359631310067
