case,candidate_id,mapping_id,inner_tile_shape,inner_word,quotient_score,address_expression_runs,xor_count,completed_profile_launches,complete,l1_cache_line_accesses,l1_cache_line_accesses_min,l1_cache_line_accesses_max,l1_to_l2_read_requests,l1_to_l2_read_requests_min,l1_to_l2_read_requests_max,l1_to_l2_write_requests,l1_to_l2_write_requests_min,l1_to_l2_write_requests_max,l1_to_l2_total_requests,l1_to_l2_total_requests_min,l1_to_l2_total_requests_max,l2_tag_requests,l2_tag_requests_min,l2_tag_requests_max,l2_hits,l2_hits_min,l2_hits_max,l2_misses,l2_misses_min,l2_misses_max,hbm_read_bytes,hbm_read_bytes_min,hbm_read_bytes_max,hbm_write_bytes,hbm_write_bytes_min,hbm_write_bytes_max,hbm_total_bytes,hbm_total_bytes_min,hbm_total_bytes_max,duration_ns,duration_ns_min,duration_ns_max,hbm_bandwidth_gbps,hbm_bandwidth_gbps_min,hbm_bandwidth_gbps_max,l2_hit_rate_percent,l2_hit_rate_percent_min,l2_hit_rate_percent_max
gesummv,counter_candidate_88013e719422,mapping_006423de7947,"[64, 1]",rrrrrr,32768.0,3,0,1,True,1114176.0,1114176.0,1114176.0,574464.0,574464.0,574464.0,64.0,64.0,64.0,574528.0,574528.0,574528.0,576092.0,576092.0,576092.0,510159.5,510159.5,510159.5,65931.0,65931.0,65931.0,8469568.0,8469568.0,8469568.0,4096.0,4096.0,4096.0,8473664.0,8473664.0,8473664.0,553524.0,553524.0,553524.0,15.308460073095302,15.308460073095302,15.308460073095302,88.55521340357811,88.55521340357811,88.55521340357811
gesummv,counter_candidate_3a920470cf9d,mapping_691762e447c1,"[64, 2]",rrrrrcr,32768.0,5,0,1,True,1114176.0,1114176.0,1114176.0,574496.0,574496.0,574496.0,64.0,64.0,64.0,574560.0,574560.0,574560.0,576050.0,576050.0,576050.0,510097.0,510097.0,510097.0,65950.5,65950.5,65950.5,8472960.0,8472960.0,8472960.0,4096.0,4096.0,4096.0,8477056.0,8477056.0,8477056.0,548122.0,548122.0,548122.0,15.465526737759756,15.465526737759756,15.465526737759756,88.55223093287668,88.55223093287668,88.55223093287668
gesummv,counter_candidate_e73db4c1332b,mapping_15ca7d3d6fea,"[64, 4]",rrrrrccr,32768.0,5,0,1,True,1114176.0,1114176.0,1114176.0,320960.0,320960.0,320960.0,64.0,64.0,64.0,321024.0,321024.0,321024.0,322568.0,322568.0,322568.0,256624.5,256624.5,256624.5,65944.0,65944.0,65944.0,8472256.0,8472256.0,8472256.0,4096.0,4096.0,4096.0,8476352.0,8476352.0,8476352.0,544163.0,544163.0,544163.0,15.577098477351266,15.577098477351266,15.577098477351266,79.55671345678556,79.55671345678556,79.55671345678556
gesummv,counter_candidate_01531a475688,mapping_5c4e197211dd,"[64, 8]",rrrrrcccr,32768.0,5,0,1,True,1114176.0,1114176.0,1114176.0,321024.0,321024.0,321024.0,64.0,64.0,64.0,321088.0,321088.0,321088.0,322620.0,322620.0,322620.0,256656.5,256656.5,256656.5,65948.0,65948.0,65948.0,8471552.0,8471552.0,8471552.0,4096.0,4096.0,4096.0,8475648.0,8475648.0,8475648.0,543343.0,543343.0,543343.0,15.598251609253229,15.598251609253229,15.598251609253229,79.55633537486946,79.55633537486946,79.55633537486946
gesummv,counter_candidate_c079ce774b0e,mapping_746f3ed6e3ea,"[64, 16]",rrrrrccccr,32768.0,5,0,1,True,1114176.0,1114176.0,1114176.0,320992.0,320992.0,320992.0,64.0,64.0,64.0,321056.0,321056.0,321056.0,322680.5,322680.5,322680.5,256719.5,256719.5,256719.5,65963.0,65963.0,65963.0,8471360.0,8471360.0,8471360.0,4096.0,4096.0,4096.0,8475456.0,8475456.0,8475456.0,547102.0,547102.0,547102.0,15.492457791452553,15.492457791452553,15.492457791452553,79.55752652022451,79.55752652022451,79.55752652022451
gesummv,counter_candidate_e6897e723afb,mapping_f9e782a27d81,"[64, 32]",rrrrrcccccr,32768.0,5,0,1,True,1114176.0,1114176.0,1114176.0,321024.0,321024.0,321024.0,64.0,64.0,64.0,321088.0,321088.0,321088.0,322585.5,322585.5,322585.5,256626.0,256626.0,256626.0,65956.0,65956.0,65956.0,8472384.0,8472384.0,8472384.0,4096.0,4096.0,4096.0,8476480.0,8476480.0,8476480.0,564182.0,564182.0,564182.0,15.024711918720328,15.024711918720328,15.024711918720328,79.55397230837005,79.55397230837005,79.55397230837005
gesummv,counter_candidate_794049a82c55,mapping_c3a05196b6b0,"[64, 64]",rrrrrccccccr,32768.0,5,0,1,True,1114176.0,1114176.0,1114176.0,321024.0,321024.0,321024.0,64.0,64.0,64.0,321088.0,321088.0,321088.0,322663.0,322663.0,322663.0,256719.0,256719.0,256719.0,65944.5,65944.5,65944.5,8472320.0,8472320.0,8472320.0,4096.0,4096.0,4096.0,8476416.0,8476416.0,8476416.0,567762.0,567762.0,567762.0,14.9300869026106,14.9300869026106,14.9300869026106,79.5626410181053,79.5626410181053,79.5626410181053
gesummv,counter_candidate_584dec4bb83a,mapping_b035d0be6f95,"[64, 2]",crrrrrr,65536.0,4,0,1,True,1310784.0,1310784.0,1310784.0,1089590.0,1089590.0,1089590.0,64.0,64.0,64.0,1089654.0,1089654.0,1089654.0,1091259.0,1091259.0,1091259.0,1025310.5,1025310.5,1025310.5,65950.0,65950.0,65950.0,8472704.0,8472704.0,8472704.0,4096.0,4096.0,4096.0,8476800.0,8476800.0,8476800.0,516562.0,516562.0,516562.0,16.4116452506346,16.4116452506346,16.4116452506346,93.95652177896766,93.95652177896766,93.95652177896766
gesummv,counter_candidate_b24a30d24f8d,mapping_2b41da8e32f9,"[64, 4]",rrrrccrr,65536.0,5,0,1,True,1114176.0,1114176.0,1114176.0,582567.0,582567.0,582567.0,64.0,64.0,64.0,582631.0,582631.0,582631.0,584387.5,584387.5,584387.5,518430.0,518430.0,518430.0,65951.0,65951.0,65951.0,8473728.0,8473728.0,8473728.0,4096.0,4096.0,4096.0,8477824.0,8477824.0,8477824.0,492082.0,492082.0,492082.0,17.22808886754026,17.22808886754026,17.22808886754026,88.71454176764686,88.71454176764686,88.71454176764686
gesummv,counter_candidate_575c725d2851,mapping_dec75b39dfc8,"[64, 8]",rrrrcccrr,65536.0,5,0,1,True,1114176.0,1114176.0,1114176.0,329144.0,329144.0,329144.0,64.0,64.0,64.0,329208.0,329208.0,329208.0,330967.5,330967.5,330967.5,265014.0,265014.0,265014.0,65951.0,65951.0,65951.0,8473728.0,8473728.0,8473728.0,4096.0,4096.0,4096.0,8477824.0,8477824.0,8477824.0,481142.0,481142.0,481142.0,17.6211440967038,17.6211440967038,17.6211440967038,80.07169051555437,80.07169051555437,80.07169051555437
gesummv,counter_candidate_e8f19032acd8,mapping_5ab8c9b4c19f,"[64, 16]",rrrrccccrr,65536.0,5,0,1,True,1114176.0,1114176.0,1114176.0,329204.0,329204.0,329204.0,64.0,64.0,64.0,329268.0,329268.0,329268.0,330865.0,330865.0,330865.0,264911.0,264911.0,264911.0,65952.0,65952.0,65952.0,8473472.0,8473472.0,8473472.0,4096.0,4096.0,4096.0,8477568.0,8477568.0,8477568.0,476882.5,476882.5,476882.5,17.777863556882508,17.777863556882508,17.777863556882508,80.06618953690486,80.06618953690486,80.06618953690486
gesummv,counter_candidate_5c6ae2a29a09,mapping_44504a8344ad,"[64, 32]",rrrrcccccrr,65536.0,5,0,1,True,1114176.0,1114176.0,1114176.0,329144.0,329144.0,329144.0,64.0,64.0,64.0,329208.0,329208.0,329208.0,330801.0,330801.0,330801.0,264848.0,264848.0,264848.0,65957.0,65957.0,65957.0,8473728.0,8473728.0,8473728.0,4096.0,4096.0,4096.0,8477824.0,8477824.0,8477824.0,483143.5,483143.5,483143.5,17.548012301300428,17.548012301300428,17.548012301300428,80.06205857147685,80.06205857147685,80.06205857147685
gesummv,counter_candidate_7f52d7a67fe6,mapping_828cf176c0cb,"[64, 64]",rrrrccccccrr,65536.0,5,0,1,True,1114176.0,1114176.0,1114176.0,329180.0,329180.0,329180.0,64.0,64.0,64.0,329244.0,329244.0,329244.0,330854.0,330854.0,330854.0,264904.0,264904.0,264904.0,65951.5,65951.5,65951.5,8473856.0,8473856.0,8473856.0,4096.0,4096.0,4096.0,8477952.0,8477952.0,8477952.0,492022.0,492022.0,492022.0,17.232400173976767,17.232400173976767,17.232400173976767,80.06649436685927,80.06649436685927,80.06649436685927
gesummv,counter_candidate_c088d9d52cb7,mapping_0ac2dcc7b3fb,"[64, 4]",ccrrrrrr,131072.0,4,0,1,True,1572928.0,1572928.0,1572928.0,1106073.0,1106073.0,1106073.0,64.0,64.0,64.0,1106137.0,1106137.0,1106137.0,1107728.0,1107728.0,1107728.0,1041763.5,1041763.5,1041763.5,65961.5,65961.5,65961.5,8473152.0,8473152.0,8473152.0,4096.0,4096.0,4096.0,8477248.0,8477248.0,8477248.0,484302.0,484302.0,484302.0,17.5029972596667,17.5029972596667,17.5029972596667,94.04532134960493,94.04532134960493,94.04532134960493
gesummv,counter_candidate_80c37ebe58e4,mapping_43687178c960,"[64, 8]",rrrcccrrr,131072.0,5,0,1,True,1179712.0,1179712.0,1179712.0,599046.0,599046.0,599046.0,64.0,64.0,64.0,599110.0,599110.0,599110.0,600872.5,600872.5,600872.5,534915.5,534915.5,534915.5,65951.5,65951.5,65951.5,8473344.0,8473344.0,8473344.0,4096.0,4096.0,4096.0,8477440.0,8477440.0,8477440.0,458203.0,458203.0,458203.0,18.501215042392893,18.501215042392893,18.501215042392893,89.02341405164367,89.02341405164367,89.02341405164367
gesummv,counter_candidate_d5592d5ae5e0,mapping_dbe09a73b672,"[64, 16]",rrrccccrrr,131072.0,5,0,1,True,1179712.0,1179712.0,1179712.0,345624.0,345624.0,345624.0,64.0,64.0,64.0,345688.0,345688.0,345688.0,347342.0,347342.0,347342.0,281386.5,281386.5,281386.5,65961.0,65961.0,65961.0,8472384.0,8472384.0,8472384.0,4096.0,4096.0,4096.0,8476480.0,8476480.0,8476480.0,444083.0,444083.0,444083.0,19.088638361250815,19.088638361250815,19.088638361250815,81.01136586981164,81.01136586981164,81.01136586981164
gesummv,counter_candidate_58f1c29a5311,mapping_0859ad3ec79c,"[64, 32]",rrrcccccrrr,131072.0,5,0,1,True,1179712.0,1179712.0,1179712.0,345708.0,345708.0,345708.0,64.0,64.0,64.0,345772.0,345772.0,345772.0,347229.5,347229.5,347229.5,281277.0,281277.0,281277.0,65951.0,65951.0,65951.0,8473920.0,8473920.0,8473920.0,4096.0,4096.0,4096.0,8478016.0,8478016.0,8478016.0,454663.0,454663.0,454663.0,18.647798581152614,18.647798581152614,18.647798581152614,81.00569159413457,81.00569159413457,81.00569159413457
gesummv,counter_candidate_cf256f889530,mapping_08442e628b16,"[64, 64]",rrrccccccrrr,131072.0,5,0,1,True,1179712.0,1179712.0,1179712.0,345616.0,345616.0,345616.0,64.0,64.0,64.0,345680.0,345680.0,345680.0,347378.5,347378.5,347378.5,281423.0,281423.0,281423.0,65950.5,65950.5,65950.5,8474752.0,8474752.0,8474752.0,4096.0,4096.0,4096.0,8478848.0,8478848.0,8478848.0,459802.0,459802.0,459802.0,18.438174731982983,18.438174731982983,18.438174731982983,81.01336133172725,81.01336133172725,81.01336133172725
gesummv,counter_candidate_2762a960bfd1,mapping_f0fb62a56baa,"[64, 8]",cccrrrrrr,262144.0,4,0,1,True,2097216.0,2097216.0,2097216.0,1139024.0,1139024.0,1139024.0,64.0,64.0,64.0,1139088.0,1139088.0,1139088.0,1140700.5,1140700.5,1140700.5,1074731.0,1074731.0,1074731.0,65970.5,65970.5,65970.5,8472064.0,8472064.0,8472064.0,4096.0,4096.0,4096.0,8476160.0,8476160.0,8476160.0,484502.5,484502.5,484502.5,17.494168508872782,17.494168508872782,17.494168508872782,94.21667133481535,94.21667133481535,94.21667133481535
gesummv,counter_candidate_f6e804615171,mapping_546a50a9e95c,"[64, 16]",rrccccrrrr,262144.0,5,0,1,True,1310784.0,1310784.0,1310784.0,631992.0,631992.0,631992.0,64.0,64.0,64.0,632056.0,632056.0,632056.0,633492.5,633492.5,633492.5,567533.0,567533.0,567533.0,65961.5,65961.5,65961.5,8473152.0,8473152.0,8473152.0,4096.0,4096.0,4096.0,8477248.0,8477248.0,8477248.0,441122.0,441122.0,441122.0,19.219499775516994,19.219499775516994,19.219499775516994,89.5887139292876,89.5887139292876,89.5887139292876
gesummv,counter_candidate_06c06b44aa99,mapping_4233bfeb00da,"[64, 32]",rrcccccrrrr,262144.0,5,0,1,True,1310784.0,1310784.0,1310784.0,378472.0,378472.0,378472.0,64.0,64.0,64.0,378536.0,378536.0,378536.0,380345.0,380345.0,380345.0,314385.5,314385.5,314385.5,65953.0,65953.0,65953.0,8473792.0,8473792.0,8473792.0,4096.0,4096.0,4096.0,8477888.0,8477888.0,8477888.0,429602.0,429602.0,429602.0,19.73470636600085,19.73470636600085,19.73470636600085,82.65846324688036,82.65846324688036,82.65846324688036
gesummv,counter_candidate_4a9936a685df,mapping_f54acf25e7a7,"[64, 64]",rrccccccrrrr,262144.0,5,0,1,True,1310784.0,1310784.0,1310784.0,378456.0,378456.0,378456.0,64.0,64.0,64.0,378520.0,378520.0,378520.0,380276.5,380276.5,380276.5,314314.5,314314.5,314314.5,65960.5,65960.5,65960.5,8473152.0,8473152.0,8473152.0,4096.0,4096.0,4096.0,8477248.0,8477248.0,8477248.0,431982.0,431982.0,431982.0,19.626003313927068,19.626003313927068,19.626003313927068,82.65493006546669,82.65493006546669,82.65493006546669
gesummv,counter_candidate_6e0ccf3f6412,mapping_75fd9ff700e7,"[64, 16]",ccccrrrrrr,524288.0,4,0,1,True,2097216.0,2097216.0,2097216.0,1204968.0,1204968.0,1204968.0,64.0,64.0,64.0,1205032.0,1205032.0,1205032.0,1206616.5,1206616.5,1206616.5,1140662.5,1140662.5,1140662.5,65950.0,65950.0,65950.0,8473344.0,8473344.0,8473344.0,4096.0,4096.0,4096.0,8477440.0,8477440.0,8477440.0,474122.0,474122.0,474122.0,17.87188925690865,17.87188925690865,17.87188925690865,94.53426758432545,94.53426758432545,94.53426758432545
gesummv,counter_candidate_eb5af8d52438,mapping_48ddfdb79e09,"[64, 32]",rcccccrrrrr,524288.0,5,0,1,True,2097216.0,2097216.0,2097216.0,698072.0,698072.0,698072.0,64.0,64.0,64.0,698136.0,698136.0,698136.0,699510.5,699510.5,699510.5,633561.0,633561.0,633561.0,65950.0,65950.0,65950.0,8474112.0,8474112.0,8474112.0,4096.0,4096.0,4096.0,8478208.0,8478208.0,8478208.0,464282.0,464282.0,464282.0,18.261318888097748,18.261318888097748,18.261318888097748,90.57205002652125,90.57205002652125,90.57205002652125
gesummv,counter_candidate_6d34ae2c1684,mapping_894b72a0ba58,"[64, 64]",rccccccrrrrr,524288.0,5,0,1,True,2097216.0,2097216.0,2097216.0,444512.0,444512.0,444512.0,64.0,64.0,64.0,444576.0,444576.0,444576.0,446145.0,446145.0,446145.0,380184.5,380184.5,380184.5,65955.5,65955.5,65955.5,8475392.0,8475392.0,8475392.0,4096.0,4096.0,4096.0,8479488.0,8479488.0,8479488.0,443442.5,443442.5,443442.5,19.12311066132245,19.12311066132245,19.12311066132245,85.21557555046022,85.21557555046022,85.21557555046022
gesummv,counter_candidate_c02bdc0dc050,mapping_a698edccdfa5,"[64, 32]",cccccrrrrrr,1048576.0,4,0,1,True,2097216.0,2097216.0,2097216.0,1336832.0,1336832.0,1336832.0,64.0,64.0,64.0,1336896.0,1336896.0,1336896.0,1338486.0,1338486.0,1338486.0,1272538.5,1272538.5,1272538.5,65950.0,65950.0,65950.0,8473536.0,8473536.0,8473536.0,4096.0,4096.0,4096.0,8477632.0,8477632.0,8477632.0,474402.5,474402.5,474402.5,17.870398842323027,17.870398842323027,17.870398842323027,95.07273489324919,95.07273489324919,95.07273489324919
gesummv,counter_candidate_e9b5d21321c9,mapping_8a51df8cf2cd,"[64, 64]",ccccccrrrrrr,1048576.0,4,0,1,True,2097216.0,2097216.0,2097216.0,1590240.0,1590240.0,1590240.0,64.0,64.0,64.0,1590304.0,1590304.0,1590304.0,1591937.0,1591937.0,1591937.0,1525978.0,1525978.0,1525978.0,65960.0,65960.0,65960.0,8472960.0,8472960.0,8472960.0,4096.0,4096.0,4096.0,8477056.0,8477056.0,8477056.0,474522.0,474522.0,474522.0,17.86454593386783,17.86454593386783,17.86454593386783,95.85650916059757,95.85650916059757,95.85650916059757
